file_path,error_message
HIFCIK.xyz,
VAZWOL.xyz,
TOMTUL.xyz,
TEHZUB.xyz,
JIBCEC.xyz,
FERGUF.xyz,
SUSCIV.xyz,
YUYJIL.xyz,
TAXFEF.xyz,
YOGZUQ.xyz,
VUSKID.xyz,
XIYSEE.xyz,
OQODAB.xyz,
WEDHAR.xyz,
FEPYOQ01.xyz,
BSETCN.xyz,
WUZQEO01.xyz,
SATLOP.xyz,
WUBSAQ.xyz,
ILOBOA.xyz,
EVOQOW.xyz,
TULDAH.xyz,
SOTQOJ.xyz,
YEBDIV.xyz,
CONYIQ.xyz,
RUZZUK.xyz,
NOXGIT.xyz,
QOPXUP.xyz,
DAQQIY.xyz,
YIKYID.xyz,
DOPTIO.xyz,
AFIGOM.xyz,
UFEYEK.xyz,
BENBRN02.xyz,
IWAQUT.xyz,
VISGUA.xyz,
TUNNAS.xyz,
MIRCUL.xyz,
PENDUJ.xyz,
TUVJOM.xyz,
LEVDOI.xyz,
XEBCAK.xyz,
XIQBEH.xyz,
ODASES.xyz,
HIKWAC.xyz,
JUFDIX.xyz,
RUXZAN.xyz,
LIFVAA.xyz,
ZISPUO.xyz,
YETMES.xyz,
BOLZUX.xyz,
WAPTUC.xyz,
PABTES.xyz,
SOWSUT.xyz,
IDUYIP.xyz,
KUMBEC.xyz,
EZEPII.xyz,
QABFUX.xyz,
OHIDOY.xyz,
WURLEC.xyz,
ILIXIK.xyz,
EJURAE.xyz,
HICLEN.xyz,
FOSXUJ.xyz,
WUCQIU.xyz,
ARERUL.xyz,
USOKIX.xyz,
IDENUC.xyz,
WIRYUR.xyz,
KOTVIA.xyz,
VEHRUY.xyz,
SOHRUC.xyz,
PEZCON.xyz,
UBACUY.xyz,
JAZBIW.xyz,
RILVAJ.xyz,
DAZPID.xyz,
UPICED.xyz,
XISMIW.xyz,
ROCSAF.xyz,
BEJQAI.xyz,
NPHAZL.xyz,
VANPEI.xyz,
NAWPOR.xyz,
UCIYAJ.xyz,
KIYGOQ.xyz,
KONDEX.xyz,
XIMHUW.xyz,
PITXOG.xyz,
MATDEQ01.xyz,
IVUHUE.xyz,
YAFWAF.xyz,
QERMAC.xyz,
SAWVIX.xyz,
LEZGEC01.xyz,
SOPDUW.xyz,
TCINMP.xyz,
TAGZOT.xyz,
ECAWOU.xyz,
VOQNIZ.xyz,
MOSCOP.xyz,
BACSUT.xyz,
LESGEX.xyz,
ITUWUR.xyz,
XIFWAN.xyz,
ELAYIB.xyz,
HOJROP.xyz,
HAJJEJ.xyz,
DIWWEL.xyz,
OKEVEF.xyz,
OXOFUD.xyz,
ULIBOH.xyz,
PUJHOS.xyz,
ELIMUJ.xyz,
LOLSEM.xyz,
POCDES.xyz,
HOHBUC.xyz,
WANYOA.xyz,
SEFSEB.xyz,
PORQUL.xyz,
DUSZOH.xyz,
EYOJUZ01.xyz,
WUJHOY.xyz,
SUYVIS.xyz,
LADVAN.xyz,
TUSJID.xyz,
SUQRUS.xyz,
HOBSAU.xyz,
NOWFOW.xyz,
ZIVYEK.xyz,
FSINBR.xyz,
TISTAR.xyz,
SUBKIM.xyz,
VUXDEX.xyz,
VORXOS.xyz,
LEVSOX.xyz,
OCALOW.xyz,
AROYEL.xyz,
CIVDIX.xyz,
NOVNIX.xyz,
GACCUK.xyz,
IMEZIJ.xyz,
LINJUN.xyz,
PERWUF.xyz,
EWINUV.xyz,
AVAWUP.xyz,
BIJDIJ.xyz,
NUBWAL.xyz,
NIFNIC.xyz,
CIJZAX.xyz,
MEHXAA.xyz,
KOVCON.xyz,
POTCOR.xyz,
YEHZAP.xyz,
JIMQEE.xyz,
MOSSEV.xyz,
TIYJAN.xyz,
VUHQIZ.xyz,
YEWBIO.xyz,
YOMZAE.xyz,
DUNLUU.xyz,
BOFLUG.xyz,
TECVIG.xyz,
MAKSEW.xyz,
BUXDII.xyz,
SUQDAJ.xyz,
KENZEJ.xyz,
YABSID.xyz,
KAFDIE02.xyz,
QEYQIV.xyz,
UKUVED.xyz,
APOBIR.xyz,
VEFFOD.xyz,
LEVJAZ.xyz,
YUPPIJ.xyz,
POXZUY.xyz,
KUSWEB.xyz,
WAMFAS.xyz,
FEVZEM.xyz,
OSOLEO.xyz,
WUGTUP.xyz,
LIPJUR.xyz,
WAFSUT.xyz,
JITXIT.xyz,
OGOMON.xyz,
VEZBIN.xyz,
KODHUG.xyz,
HOBPUL.xyz,
IBABET.xyz,
LETGEW.xyz,
CUCYAD.xyz,
CHOENO.xyz,
WUKZAE.xyz,
VASVIX.xyz,
XIFGEY.xyz,
ENITIE.xyz,
UGOQAJ.xyz,
PUSJUJ.xyz,
VULBIP.xyz,
COCHIM.xyz,
QUYSEJ.xyz,
CIWDAQ.xyz,
WULYEI.xyz,
SEJLOL.xyz,
MOGFET.xyz,
DAVWEC.xyz,
PIWBAZ.xyz,
CIHCUR04.xyz,
NAXNOS.xyz,
LERHOH.xyz,
SATKAA.xyz,
JUGHOL.xyz,
DIGJOU.xyz,
YUFNOC.xyz,
QAQQOR.xyz,
NUNFOS.xyz,
APIFAH.xyz,
WUKTAZ.xyz,
QOKXAS.xyz,
IQOJIJ.xyz,
BEGLAC.xyz,
EXIHAV.xyz,
YIRGEM.xyz,
HUXKOB.xyz,
JEXNIM.xyz,
YOFDII.xyz,
OVUWIM.xyz,
VARLIK.xyz,
SIYLUK.xyz,
GUFJUM.xyz,
KEKSIF.xyz,
VEKQIN.xyz,
TEWQET.xyz,
YOFKIP.xyz,
ATIKAR.xyz,
GEYJIG.xyz,
BADVUY.xyz,
CEDDEX.xyz,
NUNMUH.xyz,
QUHMAJ.xyz,
HARKUJ.xyz,
FEQMUM.xyz,
RAXFII.xyz,
NOCNOJ.xyz,
HAXWUY.xyz,
PIJQUV.xyz,
PUQQEY.xyz,
EVEQON.xyz,
FAFBAR.xyz,
MANWOQ.xyz,
ICUQUT.xyz,
YOMTOJ.xyz,
HIRDAQ.xyz,
SAFCIO.xyz,
MUHYET.xyz,
PILQEI.xyz,
DEBHOH.xyz,
GOSCIA.xyz,
POYXAD.xyz,
BAYSUS.xyz,
VASWUK.xyz,
BUTJOS.xyz,
UHADIS.xyz,
QIPFUT.xyz,
VODFOJ.xyz,
PEKGOC.xyz,
NIPNIL.xyz,
URIQUJ.xyz,
BASCIK.xyz,
CIBWEP.xyz,
DETJUK.xyz,
XAYSUL.xyz,
VIXYUZ.xyz,
YAFXOU.xyz,
XEQQIW.xyz,
VUGPEU.xyz,
GEQPUQ.xyz,
KESMUR.xyz,
CUCQUO.xyz,
REHDUE.xyz,
GUVBUU.xyz,
PIBHAK.xyz,
PIZNIV.xyz,
ZOBNEL.xyz,
DINDOW.xyz,
CAQRAQ.xyz,
UTEWIA.xyz,
AYUHIL.xyz,
OTASUY.xyz,
UPIGAD.xyz,
WARREM.xyz,
JIMDIV.xyz,
QATXOZ.xyz,
TUPNOI.xyz,
GUMZET.xyz,
JUMDED.xyz,
WIDWAJ.xyz,
IVILUW.xyz,
XELRAK.xyz,
MUQBAD.xyz,
TUTXIQ.xyz,
PONRAN.xyz,
ZIVRED.xyz,
PUTXUZ.xyz,
RODDEV.xyz,
GIWJAX.xyz,
XANTAK.xyz,
FIYZIY.xyz,
QUWFEV.xyz,
YAMKOO.xyz,
TUWRUA.xyz,
LOYSEA.xyz,
MAHMEQ.xyz,
IROWAN.xyz,
JEVZEQ.xyz,
YAHFAR.xyz,
PAQXIP.xyz,
OXUGAQ.xyz,
BOYTUF.xyz,
AKOQIC.xyz,
SOKGEE.xyz,
MUQXII.xyz,
MIMMAZ.xyz,
QASFEV.xyz,
SIZCUC.xyz,
HEXTOU.xyz,
LIPTOU.xyz,
KEZCOJ.xyz,
FACXEN.xyz,
DAQGOT.xyz,
CEPHEL.xyz,
EMITEA.xyz,
GOVTES.xyz,
PUWQIJ.xyz,
NIWGOQ.xyz,
YUKFUH.xyz,
HUSNEP.xyz,
DAPJOT.xyz,
OFEBEG.xyz,
ISONUB.xyz,
WOTBUF.xyz,
GIXGOL.xyz,
UCEVUU.xyz,
NUDGUO.xyz,
GOHVOP.xyz,
GADNUV.xyz,
KASCIS.xyz,
KIPHOG.xyz,
FABVAH.xyz,
BUHSIJ.xyz,
ABILAY.xyz,
NIZZOO.xyz,"- RDKit-SCOPE comparison failed: - RDKit contains implicit hydrogens (index, element, count): [(0, 'P', 1), (73, 'P', 1)]"
XUPGIY.xyz,
TIVREX.xyz,
REMRAF.xyz,
BOCSAO.xyz,
VUGJIT.xyz,
DAFPOP.xyz,
LEGYAZ.xyz,
HIRLEC.xyz,
QORRAQ.xyz,
UTIHOW.xyz,
ARUWOA.xyz,
LOKNOO.xyz,
HEPGAL.xyz,
OBOXEK.xyz,
FUZNAQ.xyz,
IPCLTZ10.xyz,
ZEWYOS.xyz,
TAFSUR.xyz,
KUVKER.xyz,
ZEBXAH.xyz,
NIZFOS.xyz,
TEGJIB.xyz,
SOWVUV.xyz,
WAMXUD.xyz,
TIDSUW.xyz,
NENCIV.xyz,
VAQWIV.xyz,
OGUZOH.xyz,
GUCNID.xyz,
NEXMOV.xyz,
VEBRIE.xyz,
BOQLEY.xyz,
SASBIZ.xyz,
LIZFUX.xyz,
XOTJUO.xyz,
MEFNAO.xyz,
FOVPEL.xyz,
MEQVUC.xyz,
VUPJIB.xyz,
USEROB.xyz,
VILKIM.xyz,
EABLEY.xyz,
SAYWEW.xyz,
YEPHAC.xyz,
ACUDUY.xyz,
TIRZAW.xyz,
JUXJOB.xyz,
MUGDOJ.xyz,
LAVHAR.xyz,
ITAYEJ.xyz,
GEBSOV.xyz,
MOKMEF.xyz,
OFILEW.xyz,
PEQZET.xyz,
QAQHEX.xyz,
WUXQOW.xyz,
WIRNUJ.xyz,
ADODAZ.xyz,
IRASAX.xyz,
DACVUA.xyz,
WISHAH.xyz,
QUJLIQ.xyz,
MATZIT.xyz,
HAZMAY.xyz,
TEXWUR.xyz,
SUSFIX.xyz,
YAZCOU.xyz,
EMUKON.xyz,
YIQDAG.xyz,
EVIBER.xyz,
AHEDAT.xyz,
IRURAQ.xyz,
JEVNUW.xyz,
QABCEE.xyz,
UHUMOZ.xyz,
ABAJIY.xyz,
TOQGUE.xyz,
TAVDOK.xyz,
PIVBEB.xyz,
VUBPAL.xyz,
OHEZAC.xyz,
MEZBUQ.xyz,
MEWZAR.xyz,
VOVQIJ.xyz,
DOZJEK.xyz,
LIYVEW.xyz,
UFACIQ.xyz,
WAHFOC.xyz,
PONXIA.xyz,
TABZUU.xyz,
MAHMOX.xyz,
QAZPEP.xyz,
VEXBIJ.xyz,
FUMRIR.xyz,
CIXHUN.xyz,
HIMSOM.xyz,
ODEDAC.xyz,
POTXAY.xyz,
VESJEJ.xyz,
SUWLOO.xyz,
DXANBU.xyz,
GATDEK.xyz,
OYUTEJ.xyz,
YUTCUL.xyz,
VUWZIY.xyz,
QUKPOD.xyz,
KEZFUQ.xyz,
RITSIW.xyz,
DOSCAP.xyz,
KUSXUS.xyz,
NIVSIW.xyz,
SENNEF.xyz,
NAJQOG.xyz,
HIFNAL.xyz,
BOGREX.xyz,
HETJIA.xyz,
BUJNOK.xyz,
NAKGEO.xyz,
BILQOF.xyz,
NEHBIO.xyz,
LOGKAU.xyz,
HUFCAP.xyz,"- RDKit-SCOPE comparison failed: - Different molecular charge: RDKit=-4, SCOPE=0"
JARDUE.xyz,
GULTEP.xyz,
PIRTIW.xyz,
UHABIR.xyz,
WUXDOL.xyz,
KEZFED.xyz,
RESYIY.xyz,
MOMQOV.xyz,
XIYXUZ.xyz,
VIYZIP.xyz,
REWKOT.xyz,
NEWCIC.xyz,
DUDCAH.xyz,
ZUBHUB.xyz,
OMINEF.xyz,
HOLHEX.xyz,
ZIFKUX.xyz,
YIPSIC.xyz,
VIWPUO.xyz,
WANLOP.xyz,
OTOHUB.xyz,
XINKUC.xyz,
ABIVAL.xyz,
BIYVEK.xyz,
EDIWOF.xyz,
XAXVOJ.xyz,
NUJFII.xyz,
NUHVET.xyz,
SELYUD.xyz,
TAVROA.xyz,
WEFTEH.xyz,
NEVCUN.xyz,
ZEGSIN10.xyz,
IWOKIP.xyz,
TOQROJ.xyz,
YOCWOD.xyz,
QUTFUG.xyz,
VIHHEZ.xyz,
KUFNUU.xyz,
UMESEK.xyz,
HOCMAO.xyz,
JOKVIQ.xyz,
CEWWUZ.xyz,
BAWQAS.xyz,
HAXROO.xyz,
SUHWOJ.xyz,
YAHWAF.xyz,
OKOXUI.xyz,
TIHQEJ.xyz,
ISABOU.xyz,
XOZMUX.xyz,
SOLNIR.xyz,
MIXNAI.xyz,
OFUZIB.xyz,
YIVSAZ.xyz,
GOMRUX.xyz,
GEQRAX.xyz,
EKOBAJ.xyz,
WAMLUS.xyz,
TESDUR.xyz,
HAGLUZ.xyz,
YAXNAO.xyz,
MISDOI.xyz,
TUQCAK.xyz,
HOLNUS.xyz,
GOXCUU01.xyz,
GIXMAC.xyz,
HOFSED.xyz,
KOMSIP.xyz,
ROMGAC.xyz,
CUZJOW.xyz,
CASQAP.xyz,
SUJNUI.xyz,
YERJOX.xyz,
GODKUI.xyz,
QEPXIU.xyz,
RUMFIR.xyz,
UBAZII.xyz,
REZNOZ.xyz,
CAVHUC.xyz,
QAVSEN.xyz,
EVEPAX.xyz,
JUBGUK.xyz,
GIPLOG.xyz,
MOCCAJ.xyz,
QORYII.xyz,
NABJOQ.xyz,
QIJMED.xyz,
UHOJIN.xyz,
MUFFEZ.xyz,
NUDFOH.xyz,
DOJBOW.xyz,
IWEJIE.xyz,
SAGQOI.xyz,
BEFXAL01.xyz,
JOZROI.xyz,
KEYFEA.xyz,
YERRUL.xyz,
RINXOD.xyz,
QUSQUT.xyz,
DABWOS.xyz,
OZICOQ.xyz,
EDIMEL.xyz,
QUZJIF.xyz,
PUFFEC.xyz,
AROZAI.xyz,
WIFKAX.xyz,
PONLOU.xyz,
BORHEV.xyz,
QILXIU.xyz,
FUVSIY.xyz,
YILNIS.xyz,
JUZCAK.xyz,
TOTDOV.xyz,
IZUQUQ.xyz,
JUJRUD.xyz,
XIGSAJ.xyz,
PRLTZC.xyz,
VEQDED.xyz,
TUSHAR.xyz,
DEJPOZ.xyz,
GIYLOQ.xyz,
LUBDIV.xyz,
KIPHIA.xyz,
JOMBAQ.xyz,
FAXWOQ.xyz,
ZIKJUY.xyz,
YICVEM.xyz,
YIRRIB.xyz,
QERVOY.xyz,
IDEREP.xyz,
IKUXIX.xyz,
BUYXUR.xyz,
BIHSAN.xyz,
BONSIJ.xyz,
AFIDAW.xyz,
VUPYEL.xyz,
SAKSEE.xyz,
EVEGAP.xyz,
XIYVEG.xyz,
SIBZOT.xyz,
LEXNOS.xyz,
DAHXAO.xyz,
NUSFAI.xyz,
CIDCEX.xyz,
KOJHOH.xyz,
VIZWIM.xyz,
ZACFES.xyz,
CITPIF.xyz,
QEJKOF.xyz,
TANKEB.xyz,
BHMTDC.xyz,
NEZKIM.xyz,
DESNEU.xyz,
YICHOI.xyz,
BAGTIM.xyz,
YIVRAW.xyz,
DUJKUQ.xyz,
OKOFIE.xyz,
CIDBEX.xyz,
QASZAM.xyz,
WOGROC.xyz,
DIRQOM.xyz,
BEMRUJ.xyz,
WUYJOS.xyz,
BAGWIR.xyz,
NEKHES.xyz,
SOSHEN.xyz,
GENHIT.xyz,
VOHXIA.xyz,
DEZVAF.xyz,
XOSKOI.xyz,
FOLRON.xyz,
LUPDOQ.xyz,
OLUBOO.xyz,
IRUVIC.xyz,
QUTTAA.xyz,
KOQHAZ.xyz,
FUZSOJ.xyz,
IBUMOK.xyz,
WEWFEK.xyz,
CELTAR.xyz,
WOYJAV.xyz,
NOLJEF.xyz,
TUDSOA.xyz,
JODNAS.xyz,
FORKAA.xyz,
YOLMET.xyz,
IGOREE.xyz,
PAWCAT.xyz,
LOZXUT.xyz,
ZOLWEF.xyz,
TOBSEK.xyz,
ZEFHOK.xyz,
NEJDAJ.xyz,
YUQTUC.xyz,
DIDNUA.xyz,
GEKVAT.xyz,
GOXNIS.xyz,
QOWWAD.xyz,
PIKZER.xyz,
ADUPIY.xyz,
YUXBUQ.xyz,
HIFSUL.xyz,
TEYMUF.xyz,
KEVGEZ.xyz,
LISMOQ.xyz,
OYUSEI.xyz,
YUPJIE.xyz,
ZIBHOK.xyz,
WESMUD.xyz,
IDIZEB.xyz,
POCXOU.xyz,
NAKQOI.xyz,
VELQIP.xyz,
BEWMIC.xyz,
SOYZAJ.xyz,
TILTUF.xyz,
PMXCDO10.xyz,
UDIBEQ.xyz,
FULKUS.xyz,
ZOZTIR.xyz,
MUXJAR.xyz,
UGONAI.xyz,
ZAPHAB.xyz,
AGECAS.xyz,
YOHPES.xyz,
QOFKAZ.xyz,
IHESIY.xyz,
EGIPIW.xyz,
XUHBEH.xyz,
DIZFAU.xyz,
QOYCOZ.xyz,
BUTSAL.xyz,
ZOWKAA.xyz,
TOHTUG.xyz,
ECAQAA.xyz,
REXPUH.xyz,
TAMKOI.xyz,
YUMVOS.xyz,
AMPHOL01.xyz,
QAHHEO.xyz,
QEKWEI.xyz,
EKUYEQ.xyz,
LAWJEY.xyz,
QIQJOR.xyz,
DUFVAD.xyz,
SIZBEJ.xyz,
DUFJET10.xyz,
XONXUU.xyz,
BONLEY.xyz,
CIYCIY.xyz,
HEFPAM.xyz,
FINWAD.xyz,
UMEZUI.xyz,
WUWPIO.xyz,
CEDKOL.xyz,
VUTFEY.xyz,
BOMZOV.xyz,
AMUVIP.xyz,
MEJVAZ.xyz,
HERLUL.xyz,
AGEYIW.xyz,
TATCUM.xyz,
YUMMID.xyz,
GAKZUO.xyz,
NADGAD.xyz,
MACROZ.xyz,
QAZRUH.xyz,
SODWUG.xyz,
GAFRIR.xyz,
DAZNAQ.xyz,
MONNIO.xyz,
MAJNUI.xyz,
NAPTAC.xyz,
YIRRUN.xyz,
XMZNON.xyz,
CURFAX.xyz,
OLEQEB.xyz,
FOKYEK.xyz,
LOGHUL.xyz,
CEKREP.xyz,
SIZVII.xyz,
HAHBEX.xyz,
ESENIB.xyz,
EZISIQ.xyz,
VIJTUG.xyz,
OBONEB.xyz,
AVUFON.xyz,
IRICIW.xyz,
BIJDOP.xyz,
PEVQOX.xyz,
JOQDAX.xyz,
TOXCTD.xyz,
BUWFIJ.xyz,
VIPJIO.xyz,
ODEJAJ.xyz,
DIXTUA.xyz,
DANZEA.xyz,
GEGSUJ.xyz,
IFEBOL.xyz,
IQAXII.xyz,
CUPYOD.xyz,
VOLDEG.xyz,
DEVVUV.xyz,
LUDROS.xyz,
ZICFUM.xyz,
UGIZAN.xyz,
TIJVEO.xyz,
HOSQOX.xyz,
BUHQAW.xyz,
HUFNOM.xyz,
MOTVUP.xyz,
SOFHUQ.xyz,
COJPEW.xyz,
JAFCIC.xyz,
IDUBEP.xyz,
VOFKIN.xyz,
LIYQUI.xyz,
KECTUJ.xyz,
AQEHIP.xyz,
KADSAK.xyz,
UPENOT.xyz,
YIKDUT.xyz,
WUSMUT.xyz,
YUJFAM.xyz,
NIHREE.xyz,
MOZJUG.xyz,
DPCYPE02.xyz,
UXIMIZ.xyz,
LITMIM.xyz,
IVIPEJ.xyz,
MOBZEL.xyz,
NIXBAX.xyz,
DARWAV.xyz,
ROXTUV.xyz,
TIBPAW.xyz,
UTONIB.xyz,
MASGOF.xyz,
DUVBOM.xyz,
NIFDAK.xyz,
NESPUX.xyz,
BIVCEO.xyz,
UKUNIZ.xyz,
HOSLUY.xyz,
FAXYUZ.xyz,
QOKRUG.xyz,
NEFNUI01.xyz,
PONXIZ.xyz,
MXYLUR.xyz,
OLAPUM.xyz,
ZARSES.xyz,
SEQHON.xyz,
WIFPAF.xyz,
TEBNAP12.xyz,
ECOSIB.xyz,
PAHYED.xyz,
POKRAL.xyz,
KOXJUE.xyz,
RANVAG.xyz,
KOXGEM.xyz,
HEHNEP.xyz,
WIQPAP.xyz,
IYAMAY.xyz,
PEZYUR.xyz,
KIVJAD.xyz,
CUJLIE.xyz,
AZECUE.xyz,
JOKZEQ.xyz,
PUPNIX.xyz,
COQKUO.xyz,
ZAKKEE.xyz,
XUHYOP.xyz,
EDEKON.xyz,
MBRMAD01.xyz,
PAZROZ.xyz,
YITCOW.xyz,
OMEJEV.xyz,
BAHRIL.xyz,
RAWDAV.xyz,
NESNEE.xyz,
WUZTIU.xyz,
VOKZAY.xyz,
PYZPYT01.xyz,
POBRII.xyz,
KUNLIO.xyz,
FOYDIJ.xyz,
FABNOM.xyz,
KAZBUJ.xyz,
RAZXIC.xyz,
RAKWOR.xyz,
EGOZEF.xyz,
HICSAN.xyz,
TIGWIQ.xyz,
MODPEB.xyz,
ITIREK.xyz,
YUCMEQ.xyz,
AWUVAQ.xyz,
VIDQOR.xyz,
ZUWCOM.xyz,
XEYRIE.xyz,
QAVCEW.xyz,
DABMOI.xyz,
TIMYOF01.xyz,
NOHNAB.xyz,
NULTIY01.xyz,
CUPKAC.xyz,
MERRAD.xyz,
JOZTOK.xyz,
BAVZII.xyz,
NOCTAC.xyz,
VAFGOA.xyz,
VAXXOJ.xyz,
BILYUR.xyz,
LIXSOB.xyz,
ZATCUS.xyz,
RENDOD.xyz,
HOTNEK.xyz,
MIVZAV.xyz,
SODHOL.xyz,
AFALOI.xyz,
FOBZUS.xyz,
NORCUT.xyz,
POCXUB.xyz,
ITIRUA.xyz,
HEZWUF.xyz,
DUWRES.xyz,
BANTIU.xyz,
LAWYOA.xyz,
ADUMIW.xyz,
IZIWOD.xyz,
COTTIP.xyz,
UCEVUT.xyz,
CAQYAW.xyz,
FUACAM.xyz,
AMIBUU.xyz,
COLQUS.xyz,
KUWYUW.xyz,
ELIFIP.xyz,
WOLYOM.xyz,
OYEQEP.xyz,
BONTEG.xyz,
HAVBUE.xyz,
ZULCAK.xyz,
QEBHOU01.xyz,
GAWBEN.xyz,
YUSRIQ.xyz,
TEWXOK.xyz,
FIXYEQ.xyz,
RULDEJ.xyz,
LOSTOF.xyz,
LABVEQ.xyz,
TIFQOR.xyz,
OYIZIG.xyz,
DUQNIN.xyz,
INECUA.xyz,
JAYPAA.xyz,
PUDSIQ.xyz,
XENSEP.xyz,
TESJAE.xyz,
TACSOI.xyz,
LIHHIV.xyz,
SOFBUN.xyz,
UMOBAB.xyz,
SIVMIW.xyz,
LUDPEH.xyz,
COPTEI.xyz,
YERWEY.xyz,
BOHFAH.xyz,
ROYYUB.xyz,
GEHVOH.xyz,
HATWUX.xyz,
MOKHUQ.xyz,
NOHPIM.xyz,
BAXPUM.xyz,
KARCAK.xyz,
CAGFOH.xyz,
BANREO.xyz,
FAXMAS.xyz,
MOTLAL.xyz,
NIJGET.xyz,
IJUXAN.xyz,
UFEWEJ.xyz,
IZUKIX.xyz,
OXUBIT.xyz,
OCAYUN.xyz,
CILDEJ.xyz,
XUBZOM.xyz,
NEWBID.xyz,
PPHOLA.xyz,
MEPNSE.xyz,
GUDQAZ.xyz,
PERKAB.xyz,
MUQLUH.xyz,
NAFQOA.xyz,
CAYCEN.xyz,
JUXHAO.xyz,
UBEZEJ.xyz,
YAMPEI.xyz,
CATYUU.xyz,
VOPMOE.xyz,
JUBFOD.xyz,
SOFMIJ.xyz,
ICEQIT.xyz,
SUGQUJ.xyz,
PAZBEX02.xyz,
WEHYUG.xyz,
SURPOL.xyz,
EVISUY.xyz,
IHAFUT.xyz,
YIHVUI.xyz,
EGAZER.xyz,
XUSTAJ.xyz,
ATIDIN.xyz,
YERSOD.xyz,
POJTOZ.xyz,
ATOZIS.xyz,
VOFGOP.xyz,
MIGPOI.xyz,
PUCHON.xyz,
TANTAD.xyz,
UGETAE.xyz,
DODFAG.xyz,
DOHHIR.xyz,
CIXVAJ.xyz,
GOLLAU.xyz,
LEXNIM.xyz,
TAXCUT.xyz,
BOYKIJ.xyz,
ERIVIM.xyz,
VOYNAY.xyz,
EQASEV.xyz,
TAHHIW.xyz,
RETFUU.xyz,
ETOHAW.xyz,
MAPJEU.xyz,
ZERCUX.xyz,
YANZUJ.xyz,
ACOTAP.xyz,
URENEL.xyz,
HIKKAQ.xyz,
PUNBAD.xyz,
LURRUL.xyz,
KAQNAU.xyz,
FUZHEQ.xyz,
SELWIS.xyz,
TUTQIK.xyz,
FUSNIQ.xyz,
MEMQED.xyz,
HIMPAV.xyz,
EPXBTC.xyz,
MUJXUN.xyz,
CAXKOB12.xyz,
LIVNAI.xyz,
DOQBES.xyz,
PEHCOV.xyz,
GIXYEU.xyz,
CIVGAP10.xyz,
OCARIV.xyz,
AYACOT.xyz,
QOJLIM.xyz,
EVUKIP.xyz,
EJOZAF.xyz,
BURQOX.xyz,
TERFAX.xyz,
EYITIP.xyz,
SAGQOG.xyz,
FAFXUF.xyz,
NAXJAZ.xyz,
ZARTEU.xyz,
DUJGAS.xyz,
LUKVEU.xyz,
XARCID.xyz,
YAXFEL.xyz,
YIGTIU.xyz,
BAMQUB.xyz,
IJUSAI.xyz,
DAYNOJ.xyz,
KEZNEJ.xyz,
TRDMPP02.xyz,
UNOBEE.xyz,
NAHVUP.xyz,
MEZSAO.xyz,
VENXAQ.xyz,
ULAVUA.xyz,
ZZZMXQ01.xyz,
KIQXOX.xyz,
YANTAJ.xyz,
KABLOO.xyz,
TUDDII.xyz,
FAHQEK.xyz,
MONDOJ.xyz,
RIMNIM.xyz,
LOBWAA.xyz,
BOBZEZ.xyz,
MOXDEC.xyz,
GEVKUO.xyz,
JILKUK.xyz,
OCAFEG.xyz,
OYABIA.xyz,
DOXDAY.xyz,
HODPAU.xyz,
IFAWUI.xyz,
GODQAU.xyz,
OBUBUL.xyz,
RUGHUX.xyz,
OXOMUK.xyz,
DIHNAK.xyz,
VULTEE.xyz,
PILRIN.xyz,
ICOQAU.xyz,
RIFZUB.xyz,
EHUGET.xyz,
HUFGEV.xyz,
VEMKIK.xyz,
ZANHEE.xyz,
DUMHIF.xyz,
WIYXAG.xyz,
RERMAF.xyz,
XIXMAS.xyz,
CUNJIG.xyz,
BEVSOK.xyz,
SAKGIW.xyz,
SIVCUY.xyz,
ZIVCIQ.xyz,
AJAMAC.xyz,
FEVFIY.xyz,
JIWGUS.xyz,
LIWZAS.xyz,
VOQNAS.xyz,
BOPGAO.xyz,
HEGYAT.xyz,
ROLWOG.xyz,
LEGMER.xyz,
BUQGAY.xyz,
YAXTOI.xyz,
SIHKUS.xyz,
WIZMAU.xyz,
BUQHAZ.xyz,
ZIDKEF.xyz,
TIHHID.xyz,
VOQNOE.xyz,
GIMZUX.xyz,
REPVEP.xyz,
SEWPUH.xyz,
XUBFIM.xyz,
GIJBUX.xyz,
TOCBUL.xyz,
IXAQED.xyz,
QOZJAS.xyz,
BFUOXF10.xyz,
TABQEU.xyz,
ELIWUT.xyz,
NUKJUA.xyz,
DACWAH.xyz,
LAKJUC.xyz,
VOLTUO.xyz,
TEFZUB.xyz,
OGEGUD.xyz,
KIXGAB.xyz,
WOYBOE.xyz,
RICRIE.xyz,
XUTFUQ.xyz,
OTOJUD.xyz,
YAZHOY.xyz,
GIPVOQ.xyz,
MAGRAP.xyz,
AYUCON.xyz,
KOWLUF.xyz,
BEWDOW10.xyz,
LOXPET.xyz,
WULHOC.xyz,
RUVLOL.xyz,
KETKAY.xyz,
SEFYEK.xyz,
AXIKIC.xyz,
HAMJOV.xyz,
VUKPUP.xyz,
SAVRAL.xyz,
COQYUE.xyz,
FOKKAU.xyz,
EGOVUS.xyz,
WUGMES.xyz,
GOZNIS.xyz,
ZIMPUJ.xyz,
BUJRIK.xyz,
MILVUY.xyz,
YOVMEC.xyz,
NIHBOW.xyz,
ZUGFAK.xyz,
HIKPAS.xyz,
RAMQOL.xyz,
YOHPUJ.xyz,
VIMVIW.xyz,
JEFVAR.xyz,
NUYYAK.xyz,
DUTXUM.xyz,
EZIQAG.xyz,
LABVAO.xyz,
QOKVUI.xyz,
PIFROO.xyz,
IPOKEE.xyz,
TODFUP.xyz,
ABEMEA.xyz,
QUPPUM.xyz,
HUFWOU.xyz,
YUNWIQ.xyz,
MEJKOD.xyz,
KUNGOQ.xyz,
IPUGAC.xyz,
BOVWUH.xyz,
JITTUE.xyz,
ACEZIS.xyz,
CIQGOZ.xyz,
HUGDIX.xyz,
FONCIU.xyz,
MEQGUL.xyz,
KIYGEG.xyz,
NUBHOK.xyz,
CANJOQ.xyz,
BECCUH.xyz,
HOXYUR.xyz,
VEFXIP.xyz,
WIMJAF.xyz,
EJIZOM.xyz,
ZUKQOO.xyz,
ACORER.xyz,
SUBKOS.xyz,
BEQCIJ.xyz,
WABTEY.xyz,
OGEHIS.xyz,
KADYIZ.xyz,
FIWHUP.xyz,
LEYROY.xyz,
MXBCUN.xyz,
ZEPDAZ09.xyz,
DUCTEB.xyz,
IRACUB.xyz,
EYEREH.xyz,
GAFKEG.xyz,
MUCPAC.xyz,
APOXOT.xyz,
FAXPEZ.xyz,
GORSOV.xyz,
HFMPHE.xyz,
ZZZDJU11.xyz,
OLACIO.xyz,
LUSKOC.xyz,
YAPCEZ.xyz,
UKODEE.xyz,
VUGMAM.xyz,
MINVOX.xyz,
IWONOY.xyz,
PEQDEX.xyz,
UVALAG.xyz,
CIQLIY.xyz,
XIGFOI.xyz,
PELTOS.xyz,
BPTSTZ.xyz,
QOFLED.xyz,
WOLWUS.xyz,
SUNKAQ.xyz,
DIXFAR.xyz,
PEVSIS.xyz,
WIHYER.xyz,"- RDKit generation failed (AtomValenceException): Explicit valence for atom # 2 Si, 5, is greater than permitted"
LIXPEO.xyz,
IJUPOS.xyz,
IVUJIT.xyz,
PILVOY.xyz,
PEVHOO.xyz,
JIDPOE.xyz,
KUMSAO.xyz,
CEBPIK.xyz,
KEZBEW.xyz,
UQODAG.xyz,
LIGQOI.xyz,
AYUVEX.xyz,
PUGFUT.xyz,
RILTUE.xyz,
BEGRIR.xyz,
POFXAM.xyz,
RUKGEK.xyz,
NIZBIJ.xyz,
GUJPOS.xyz,
EZOZAW.xyz,
BOMYOS.xyz,
GESFAO.xyz,
PECMER.xyz,
SIDJAQ.xyz,
GINYEI.xyz,
GOJNOI.xyz,
DAWZOS.xyz,
HIFNOB.xyz,
TEVKUB.xyz,
PANFAM.xyz,
ANTCEN.xyz,
QIKKED.xyz,
EHINAM.xyz,
GUFTIM.xyz,
NUCMAZ.xyz,
LAMWUS.xyz,
MUDZER.xyz,
DUPZEW.xyz,
YOLWON.xyz,
LIXRIU.xyz,
OYIBAB.xyz,
HEPNOI.xyz,
BAKYUI.xyz,
KOFLOH.xyz,
YESBEG.xyz,
NECGUA.xyz,
WIBKIC.xyz,
QITKAI.xyz,
IYICOI.xyz,
BAJNUW.xyz,
KEVSOV.xyz,
HOYZOL.xyz,
ZEXGIV.xyz,
RETMOT.xyz,
BUHLUM.xyz,
OCATES.xyz,
LOKPIL.xyz,
LENQAX.xyz,
HIQSEI.xyz,
SAPWOY.xyz,
ENADOM.xyz,
XIMJOT.xyz,
ASUXUH.xyz,
RIMGIF.xyz,
NAKGIS.xyz,
NIPHIF.xyz,
TESBAX.xyz,
QUYNOO.xyz,
HEFHEI.xyz,
MAYGEB.xyz,
BUYTAR.xyz,
TIKBAS.xyz,
SEMLEE.xyz,
BOSZER.xyz,
SINMOU.xyz,
GENREX.xyz,
ORAXUB.xyz,
AZIGAR.xyz,
ZOMQOJ.xyz,
LINKUO.xyz,
WEKJEE.xyz,
ZUBBEG.xyz,
YUGHUG.xyz,
JUQLOW.xyz,
HUHVAH.xyz,
NEDYON.xyz,
OHEVIJ.xyz,
HAMTEV.xyz,
FIYWUI.xyz,
KOMNUW.xyz,
XAPPUC.xyz,
GUKKUS.xyz,
HUNZUM.xyz,
FOCXIF.xyz,
YILWEY.xyz,
XURCOF.xyz,
HUXQUP.xyz,
MIBHUC.xyz,
ZUKXUA.xyz,
IKAYEA.xyz,
OPAMUP.xyz,
KOHHUL.xyz,
CARWID.xyz,
HEGMEN.xyz,
IKOFAR.xyz,
CILBOQ.xyz,
EZOWUM.xyz,
UCAVAX.xyz,
YUHFOY.xyz,
RESTIS.xyz,
WUYMUZ.xyz,
OFORIN.xyz,
ZAYFIR.xyz,
MAYVAL.xyz,
DOKXUX.xyz,
BONVIL.xyz,
SOTYOR.xyz,
GONNIG.xyz,
BIYMEE.xyz,
NUPRIB.xyz,
VUKVEC.xyz,
IGUDUM.xyz,
YIHSEO.xyz,
HACGUQ.xyz,
DOTDOG.xyz,
GOYSIY.xyz,
RIZLET.xyz,
WONCOT.xyz,
MUMCEF.xyz,
QEQMII.xyz,
JAKZEB.xyz,
RIXVOM.xyz,
KORJAF.xyz,
VIBMAV.xyz,
ABESUW.xyz,
GOGPIC.xyz,
CUVHAC01.xyz,
UPOCOT.xyz,
URACIL.xyz,
ABETAD.xyz,
UNOJIQ02.xyz,
RAWXET.xyz,
KIKSIJ01.xyz,
PAVRUA.xyz,
DAKPOX.xyz,
HAHCOJ.xyz,
RILLAC.xyz,
GORBEU.xyz,
BURQUD.xyz,
UHIDUL.xyz,
UPANAC.xyz,
OWOCOU.xyz,
JONZEU.xyz,
KUXDEN.xyz,
BOPBUF.xyz,
SECWUS.xyz,
XEMCAT.xyz,
EROGUO.xyz,
OCUTOW.xyz,
VUZPEM.xyz,
BIZVEO.xyz,
RIPXOE.xyz,
FELGIO.xyz,
XODCAW.xyz,
QOLVEV.xyz,
YIZCOB.xyz,
BANFIG.xyz,
TEWFOT.xyz,
RARGAU.xyz,
YILYUP.xyz,
UQAPIM.xyz,
ELAROA.xyz,
BUQDIC.xyz,
MADLUA.xyz,
LOCJOD.xyz,
MAZBEW.xyz,
QOTDIN.xyz,
OZOKUL.xyz,
WIZMIC.xyz,
OJEPUO.xyz,
VUHVID01.xyz,
NARMEY.xyz,
UREKIM.xyz,
RUSZUD.xyz,
FUBWIJ.xyz,
HUDPIG.xyz,
QADQET.xyz,
GOCNOB.xyz,
DEMDEF.xyz,
GOTMEJ.xyz,
LUPHEM.xyz,
SINYOD.xyz,
MOGFAP.xyz,
LAWJOL.xyz,
GAMJUC.xyz,
TUMNIB.xyz,
JOCWAA.xyz,
INUCEB.xyz,
WISMIW.xyz,
POYWOQ.xyz,
COTFUP.xyz,
FEJSAO.xyz,
LOLZIV.xyz,
MUVCIQ.xyz,
WEPKUA.xyz,
ALEYOH.xyz,
BAJRAH.xyz,
REBPAR.xyz,
BUGNIB.xyz,
IXATIK.xyz,
SOLQAM.xyz,
DIRSEE.xyz,
LESLOM.xyz,
TAVSAM.xyz,
BUFQAV.xyz,
ACUHAH.xyz,
YAJBUI.xyz,
CIXKIE.xyz,
RALJIY.xyz,
KASGOB.xyz,
BEBCUI.xyz,
KUHDEW.xyz,
VORWUX.xyz,
LUXMEZ.xyz,
PEYPIT.xyz,
ENIQUN.xyz,
XOMNET.xyz,
HEHYAU.xyz,
KUBBIV.xyz,
QIMDAR.xyz,
QUCRUD.xyz,
PATBIV.xyz,
AJEYUK.xyz,
ERORAF.xyz,
IFOKUJ.xyz,
ASIGOA.xyz,
EDITUI.xyz,
BESMOC.xyz,
HUMTIT.xyz,
MEZFEF.xyz,
DPTHOA01.xyz,"- RDKit-SCOPE comparison failed: - RDKit contains implicit hydrogens (index, element, count): [(0, 'S', 1), (15, 'S', 1)]"
VUSSEJ.xyz,
WATDOK.xyz,
KAGDEB.xyz,
LOSJAF.xyz,
BOGQOE.xyz,
IHOFET.xyz,
IFIPAQ.xyz,
BEPZII.xyz,
MAYXUH.xyz,
QOBFUI.xyz,
GEGRES.xyz,
ASIJIW.xyz,
HAFNEK.xyz,
JEYQOW.xyz,
AFIVOC.xyz,
OROWUP.xyz,
KERDET.xyz,
ICILUB.xyz,
UKUBEJ.xyz,
FOHMEU.xyz,
ABUMIT.xyz,
MIRXAP.xyz,
EMAHEH.xyz,
YACKES.xyz,
PUZFOH.xyz,
TOKBIH.xyz,
CEBPOQ.xyz,
VEDSUV.xyz,
BAXXEG.xyz,
YAPDEA.xyz,
OZECUT.xyz,
DASQIX.xyz,
JUHVEQ.xyz,
VUXQIP.xyz,
GAZSAD.xyz,
CORFIZ.xyz,
SODFOH.xyz,
RICFAK.xyz,
WOCLAE.xyz,
KEKJAN01.xyz,
KIJCAK.xyz,
XOSJEV.xyz,
MAKHUD.xyz,
ICEANE.xyz,
DAZJOG.xyz,
BOKFEN.xyz,
HAKSOC.xyz,
GODTEY.xyz,
LUKQAM.xyz,
ZATDIH.xyz,
ERUXOG.xyz,
IGARIS01.xyz,
COPFIX.xyz,
KULHUW.xyz,
EGUSEF.xyz,
MUMLOW.xyz,
ZAQFIJ.xyz,
CPDZBO10.xyz,
FEWSIL.xyz,
PUXSIM.xyz,
TALHAQ.xyz,
PIHCAM.xyz,
NODRIK.xyz,
ZOGDOR.xyz,
SUCQAL.xyz,
QILHUQ.xyz,
PMBSYD.xyz,
UTABUN.xyz,
MIPCUM.xyz,
JADREM.xyz,
BUKSAE.xyz,
NAWHUP.xyz,
VEBSIG.xyz,"- RDKit generation failed (AtomValenceException): Explicit valence for atom # 43 Si, 5, is greater than permitted"
REHYOS.xyz,
WEFVAF.xyz,
INUFUT.xyz,
ALEWAR.xyz,
FUPJOS.xyz,
LUJLOR.xyz,
AZEKIB.xyz,
JELNAQ.xyz,
GOWPIR.xyz,
SIHDIZ.xyz,
YAMJUS.xyz,
QARJUO.xyz,
FOTKUX.xyz,
SOGKAB.xyz,
ZUCZOO.xyz,
SUPMOF.xyz,
FUSWOF04.xyz,
NEJRIE.xyz,
MOGQOO.xyz,
PICHEQ.xyz,
OVUXEK.xyz,
TPXZSH10.xyz,
BABSAB.xyz,
VACCEJ.xyz,
XUSRIO.xyz,
OZUFIA.xyz,
HIRSOR.xyz,
XEBNIB.xyz,
VOKXIC.xyz,
RUFHEI.xyz,
PAWFAW.xyz,
GOXQER.xyz,
XADNIZ.xyz,
WAFQOK.xyz,
PICKAQ.xyz,
ASULAC.xyz,
ETIJOG.xyz,
NEQGEX.xyz,
YAPFIH.xyz,
IQEMAT.xyz,
ELIBIK.xyz,
PORXUS.xyz,
NURYII.xyz,
KIYSIX.xyz,
ABAHIW.xyz,
MOPFUT.xyz,
UDOJEC.xyz,
UHOFAB.xyz,
JADPOW.xyz,
ABEKOK.xyz,
MEJFEM.xyz,
VEVMOA.xyz,
XAZCIM.xyz,
LOYQUN.xyz,
ZATSES.xyz,
COBQOZ.xyz,
ZOMBAG.xyz,
REBJAK.xyz,
YORTUX.xyz,
PUCJAY.xyz,
FALPEQ.xyz,
BEYNAU.xyz,
UKIJII.xyz,
VANBAP.xyz,
CUWBED.xyz,
EZEMUS.xyz,
NOHWEP.xyz,
PESKUV.xyz,
JUCSUY.xyz,
HAMYAY.xyz,
PEHSUQ.xyz,
HIGXUT.xyz,
OXOLUK.xyz,
RETLIO.xyz,
PUSVIL.xyz,
URAVEP.xyz,
YAXHIQ.xyz,
BECPUU.xyz,
IWAJAT.xyz,
XORGOD.xyz,
FIVPOS.xyz,
ASUYUI.xyz,
POWLUJ.xyz,
QOVBUZ.xyz,
GAZYAJ.xyz,
HACKOL.xyz,
DTREAS01.xyz,
LABDIE.xyz,
JUDNOL.xyz,
ACETAC09.xyz,
EFOVEB.xyz,
FOMWIO.xyz,
OMOQAI.xyz,
DOWYOG.xyz,
RIBWOO.xyz,
XIKWUM.xyz,
FIQWAE.xyz,
QARPII.xyz,
CEMHIN.xyz,
JARZEK.xyz,
GAWDEO.xyz,
RAQPUX.xyz,
LOGHEU.xyz,
RUSSIK.xyz,
OVERAT01.xyz,
UGILEC.xyz,
XAQCEZ.xyz,
ROSLIX.xyz,
IZEJOO.xyz,
OFOFOH.xyz,
QUSKOG.xyz,
MTKETZ02.xyz,
SOCHID.xyz,
QAWQIP.xyz,
THXPNS.xyz,
COQXAI.xyz,
XOLTEY.xyz,
KEQKUN.xyz,
QAKRAX.xyz,
TIMJEG.xyz,
HOKBEQ.xyz,
WOBVOZ.xyz,
BOGPOC.xyz,
XEWPIB.xyz,
KUFGEZ.xyz,
UGAFOA.xyz,
LIGZOT.xyz,
LISDAV.xyz,
FOVZAR.xyz,
IMUFUS.xyz,
OXORUQ.xyz,
PHARFE03.xyz,
GEJJAH.xyz,
WAFZIP.xyz,
YARQOA.xyz,
OFIYOS.xyz,
CIDXUJ.xyz,
YIPSOI.xyz,
KEJFAJ.xyz,
HAVBIP.xyz,
VARZOD.xyz,
NAJKIT.xyz,
FIGQAQ.xyz,
NUCGAT.xyz,
OFOCUJ.xyz,
SUHGUZ.xyz,
TUKFIO.xyz,
XINKEK.xyz,
XIMFIK.xyz,
ZERLOZ.xyz,
PUMXOL.xyz,
LANYOQ.xyz,
SIKXAL.xyz,
WIZYIO.xyz,
ESEFOX.xyz,
FETTUV.xyz,
YUJMEV.xyz,
GUNTOB.xyz,
TAZMEM.xyz,
LILLIC.xyz,
ZIHTIW.xyz,
QIBZIL01.xyz,
NODMUP.xyz,
DUZQAT.xyz,
QAKCIQ.xyz,
KESVIQ.xyz,
PUKNOZ.xyz,
FURGOO10.xyz,
WEZDIP.xyz,
GEMRAU.xyz,
ZATTAP.xyz,
LOHLOL.xyz,
NILTAE.xyz,
NUPYIH.xyz,
MIYDAA.xyz,
ECIJOR.xyz,
YAYFAH.xyz,
WIYNUN.xyz,
YANMIK.xyz,
FITWIR.xyz,
EYAXAF.xyz,
QAGMIU.xyz,
RONKUA.xyz,
IMAXOJ.xyz,
TAFXAA.xyz,
ALUYOX.xyz,
VUQPUT.xyz,
LEVNIJ.xyz,
KUTJOZ.xyz,
IVEYIR.xyz,
SARQAG.xyz,
ERIFUG.xyz,
IDOHAK.xyz,
SUGLAK.xyz,
LEGDAE.xyz,"- RDKit-SCOPE comparison failed: - Different molecular charge: RDKit=2, SCOPE=0"
UDIGUJ.xyz,
ECPADA10.xyz,
KUVJUH.xyz,
JAZCAP.xyz,
FASNOF.xyz,
VOFDEZ.xyz,
EDENAC.xyz,
LOCBAI.xyz,
AYUBOM.xyz,
SAGHEP.xyz,
AZADOW.xyz,
WEKXAL.xyz,
TEZGUB.xyz,
FACRIM.xyz,
MOTJEK.xyz,
WOLPOF.xyz,
YACRAV.xyz,
RUXPIJ.xyz,
SADJEM.xyz,
RUTZOV.xyz,
HIVCOF.xyz,
VULREC.xyz,
JIKBOX.xyz,
IRUPAN.xyz,
CENMEN10.xyz,
JORYAT.xyz,
LENTIH.xyz,
ZUFHAL.xyz,
IGAQUD.xyz,
HERDEQ.xyz,
PUHJUY.xyz,
LERJEX.xyz,
JETWEN.xyz,
VUSDUL.xyz,
UKOYOI.xyz,
GOHHAM.xyz,
LAGRER.xyz,
YEZCEM.xyz,
OFESEA.xyz,
HUBMAU.xyz,
QIVQIY.xyz,
NOSSET.xyz,
BUBNAP.xyz,
GIRSUX.xyz,
YAZGUE.xyz,
EKUGIA.xyz,
QABTOE.xyz,
PENDER.xyz,
HABPEF.xyz,
MOZLIX.xyz,
HASFUF.xyz,
DIGXAU.xyz,
DIYNEF.xyz,
RALSAB01.xyz,
KIGYEH.xyz,
MUTJAO.xyz,
KABBEW.xyz,
BUXQIV.xyz,
ZAPHUV.xyz,
QIYKUG.xyz,
WURQOS.xyz,
VITWUT.xyz,
MUFJOO.xyz,
KUTMES.xyz,
XEBDUF.xyz,
WUXHEF.xyz,
NAGQUH.xyz,
YIQZUU.xyz,
FESXUX.xyz,
ZOCKAF.xyz,
VOYYOA.xyz,
VITHIP.xyz,
RAMTUX.xyz,
QIBMUM.xyz,
VIHFIE.xyz,
GAJFEF.xyz,
GOLQIJ.xyz,
IQALUJ.xyz,
AYEFEP.xyz,
NIFWOR.xyz,
HENHOA.xyz,
NUNNUF.xyz,
ATODUJ.xyz,
EHOBIO.xyz,
TAVXOF.xyz,
HUFDIW.xyz,
TOPQUM.xyz,
FARHAK.xyz,
WITMAN.xyz,
LACRUC.xyz,
XEQQOC.xyz,
JEXGUO.xyz,
JEFPOA.xyz,
QOJXEU.xyz,
XANWUG.xyz,
KEGRUK.xyz,"- RDKit generation failed (AtomValenceException): Explicit valence for atom # 62 S, 5, is greater than permitted"
AKALOP.xyz,
EHUGOF.xyz,
NANWUX.xyz,
OSOJIQ.xyz,
JEMMAS.xyz,
WAYQIY.xyz,
LEWGEA.xyz,
ZECSIL.xyz,
HUZYAF.xyz,
ROMPIT.xyz,
SILQUZ.xyz,
HOPLIJ.xyz,
NEJGAM.xyz,
LEBXUM.xyz,
NUJVEU.xyz,"- RDKit-SCOPE comparison failed: - RDKit contains implicit hydrogens (index, element, count): [(1, 'S', 1), (33, 'S', 1)]"
EQITII.xyz,
LISVAM.xyz,
MAPLOH.xyz,
BEZSAC.xyz,
SESCOK.xyz,
MALRAT.xyz,
QIXYEB.xyz,
XOZMEG.xyz,
RESWOB.xyz,
ZZZBFM02.xyz,
ASIHOZ.xyz,
UDEKOE.xyz,
EFIHIK.xyz,
IHEVOJ.xyz,
SUBCEZ.xyz,
BOLBOW.xyz,
GOFNUM.xyz,
MAMMAP.xyz,
SUZJIH.xyz,
TUPFAL.xyz,
JOBWUV.xyz,
REDXAB.xyz,
KIRZET.xyz,
BOVXEQ.xyz,
SENKUR.xyz,
SEBYED.xyz,
OCEBED.xyz,
NORDOQ.xyz,
WIXLEW.xyz,
NPACCP.xyz,
MDTHAC.xyz,
MAZWAO.xyz,
ZUPWIS.xyz,
NOHROS01.xyz,
KAJVIA.xyz,
AWUSAN.xyz,
CEBLUQ.xyz,
GUNKOQ.xyz,
IMATOH.xyz,
BOPQUS.xyz,
NOYYEI.xyz,
SIFSAC.xyz,
BAMGOL10.xyz,
YIKHIL.xyz,
ACUGAG.xyz,
POSTIB.xyz,
MUKWAR.xyz,
SAGRUN.xyz,
FESQOM.xyz,
TAGPEX.xyz,
WOMLUF.xyz,
VOKGUA.xyz,
YOFBOM.xyz,
LAXFUN.xyz,
ZUDCOS.xyz,
SUJRAS.xyz,
SIPBEY.xyz,
HUTKIR.xyz,
OXAXER.xyz,
IMICUE.xyz,
DOHJOC.xyz,
SUYKUS.xyz,
OREMAB.xyz,
QAQPOO.xyz,
YORHOC.xyz,
JUBBUD.xyz,
BEBBUH.xyz,
BASWUP.xyz,
HOFQAV.xyz,
APIVIG.xyz,
YORCEN.xyz,
MENWIO.xyz,
PELRAZ.xyz,
WAFTUV.xyz,
REVFEG.xyz,
RULFEL.xyz,
RETXOE.xyz,
HIKHEQ.xyz,
XOTQOO.xyz,
WENLOQ.xyz,
FAVMUM.xyz,
GESKIZ.xyz,
IDAKII.xyz,
RENJIF.xyz,
XISJAL.xyz,
DTHPIM.xyz,
LONCOG.xyz,
BICWOC.xyz,
LEBHIL.xyz,
MIRLII.xyz,
YAJRIL.xyz,
IGINUI.xyz,
RSERPN01.xyz,
GOWGIL.xyz,
VIQRUL.xyz,
XELTAL.xyz,
VAXQIW.xyz,
JIBCAY.xyz,
RUXVAK.xyz,
PLEIDN14.xyz,
FAWBEK.xyz,
WILKOS.xyz,
TOSYIL.xyz,
ELINUI.xyz,
CUKJOJ.xyz,
XUJKOE.xyz,
XICFAS.xyz,
UKIVUH.xyz,
IHOWOS.xyz,
TOPWOM.xyz,
ITEMUR.xyz,
SEJCEQ.xyz,
HOMNEE.xyz,
HOPHUR.xyz,
ACSKAT01.xyz,
IFOGUI.xyz,
SIGGOG.xyz,
FANRIW.xyz,
CEFPOU.xyz,
RAPYIQ.xyz,
EMUMUW.xyz,
ISURUL.xyz,
PEBBUV.xyz,
DOHHUF.xyz,
CINWIH.xyz,
MEHMUK.xyz,
COFLEQ.xyz,
OZEKOV.xyz,
EFETAM.xyz,
APOTIJ.xyz,
YUMBIU.xyz,
IWIHOM.xyz,
PEHVIH.xyz,
YOKCUW.xyz,
QOFROV.xyz,
EDACOE.xyz,
ECUMIY02.xyz,
WADMEV.xyz,
MULJUZ.xyz,
SIVSEY.xyz,
VOWZIT.xyz,
MAGTEV.xyz,
NUPLUG.xyz,
WODBIB.xyz,
JOJWUA.xyz,
NAXROW.xyz,
VIVDOU.xyz,
GOBDOR.xyz,
LICJIR.xyz,
BATROE.xyz,
BOMMAR.xyz,
SUGYIC.xyz,
ECONOB.xyz,
MIJGER.xyz,
GAJDAZ.xyz,
VACYON.xyz,
QOMNAJ.xyz,
CEVBAH.xyz,
NOSPES.xyz,
HACLIG.xyz,
RUHDAZ.xyz,
WIPDIL.xyz,
CERFAJ.xyz,
JAPBEI.xyz,
YUXNEL.xyz,
WUSLIF.xyz,
DNITBZ12.xyz,
MUMZIE.xyz,
XAXRIX.xyz,
MAVZAM.xyz,
DIXVOY.xyz,
FALWEX.xyz,
REDBUY.xyz,
GUZMEU.xyz,
XOQFOB.xyz,
IFETES.xyz,
JUXGIV.xyz,
JAYLUR.xyz,
DUHSOP.xyz,
WIKNOV.xyz,
NESBAO.xyz,
VATJAC.xyz,
YIQZAA.xyz,
FOMBIS.xyz,
ZOKDUB.xyz,
BAHWEO.xyz,
AGODAD.xyz,
XAMNEG.xyz,
LEPRAZ.xyz,
PILMIH.xyz,
UPAWIS01.xyz,
ZUKVIM.xyz,
LIQBET.xyz,
LEPTOR.xyz,
NURCAH.xyz,
GUGBOA.xyz,
YIZPAA.xyz,
SECFOX.xyz,
LEYVAP.xyz,
XOMLUH.xyz,
POZYUB04.xyz,
VOMRAQ.xyz,
NUQFOX.xyz,
RAGJUE.xyz,
WIYXOU.xyz,
PICWAC.xyz,
SUVYAJ.xyz,
ZODXOF.xyz,
GOTRUF.xyz,
IZAKOJ.xyz,
PEMHEV.xyz,
OMCHDO.xyz,
XOQDAL.xyz,
DOJXAE.xyz,
TUWLOM.xyz,
QOZPAX.xyz,
LICHIP.xyz,
GAPJAK.xyz,
YUCPEU.xyz,
VEBXEG01.xyz,
HISJUQ.xyz,
ACOTOC.xyz,
FIZQIO.xyz,
EZEDUJ.xyz,
WAGYIN.xyz,
PONYAT.xyz,
KASJET.xyz,
WONGUC.xyz,
WAWDAB.xyz,
KATCUD.xyz,
VUJSOI.xyz,
SEBFEN.xyz,
QAFRAR.xyz,
SIRRUJ.xyz,
IPOHOK.xyz,
BUWTUI.xyz,
SAYYAT.xyz,
SURNEB.xyz,
UKIGAY.xyz,
DABCUG.xyz,
YILYOJ.xyz,
BOBCIE.xyz,
PERQAH.xyz,
SELMEE.xyz,
BUYYAY.xyz,
IWOPUG.xyz,
OGIGET.xyz,
OKURUJ.xyz,
TUSBIU.xyz,
ARERUK.xyz,
VIXLUK.xyz,
KEPVAD.xyz,
HEDYOH.xyz,
WAKMEA.xyz,
DUBHUF.xyz,
POJGIG.xyz,
MAPBUB.xyz,
IVAKUN.xyz,"- RDKit generation failed (AtomValenceException): Explicit valence for atom # 0 Si, 5, is greater than permitted"
SIZVIG.xyz,
XOFBAX.xyz,
OTIJOS.xyz,
UGAYOQ.xyz,
GAHBUN.xyz,
XAWBUV.xyz,
NUJZAU.xyz,
JAMLER.xyz,
PFPOPS.xyz,
GIQLEX.xyz,
WAQBOG.xyz,
CASPUI.xyz,
TESMIO.xyz,
IQUZIE.xyz,
IGIGUA.xyz,
EROZER.xyz,
SAJRIH.xyz,
PIFKEV.xyz,
COJTUT.xyz,
FOGHOY.xyz,
AWAVEA.xyz,
PAPSAB.xyz,
WOQDOY.xyz,
HORPOW.xyz,
WOCGAW.xyz,
GILDOW.xyz,
EVIGUN.xyz,
OCOQON.xyz,
HEJHUB.xyz,
CACYOU.xyz,
VOQXOP.xyz,
MAXVOZ.xyz,
OWOSAW.xyz,
NIVWOG.xyz,
EDIYEV.xyz,
PAJSUQ.xyz,
SOBYIS.xyz,
WAFGAO.xyz,
ZEYRIG.xyz,
HASVII.xyz,
RITDEE.xyz,
VICYOV.xyz,
OLEFAO.xyz,
KIWCIE.xyz,
SISNOA.xyz,
MIHGIW.xyz,
BUFJIW.xyz,
SIZNAT.xyz,
BREFEL.xyz,
BAPRUI.xyz,
FOMDIV.xyz,
ROMVAT.xyz,
WOLXON.xyz,
HXMCOU01.xyz,
SIYZAB.xyz,
POFQIL.xyz,
ARASOB.xyz,
AGATOT.xyz,
IHIXAA.xyz,
KIJHIU.xyz,
NUSGIR.xyz,
ZOWVUE.xyz,
QORPAR.xyz,
RUWLIE.xyz,
BOZLAD.xyz,
PIJDIY.xyz,
AWAMUG.xyz,
HMPQOL.xyz,
QIRZOJ.xyz,
SIVSAR.xyz,
OHUTAP.xyz,
JOSZAV.xyz,
RUKHIR.xyz,
JOSLUB.xyz,
NOTLIR.xyz,
FIFGAC.xyz,
CENZON.xyz,
DURJEI.xyz,
INERAU.xyz,
GUPKUX.xyz,
KUTDAF.xyz,
UNEFEA.xyz,
RIXWEB.xyz,
WIPBOO.xyz,
QAKCAJ.xyz,
QERXUG.xyz,
JEMHUF.xyz,
OCIVOL.xyz,
POHHUR.xyz,
NEKCUB.xyz,
EDITIV.xyz,
AZUMOY.xyz,
DAFFIZ.xyz,
XOXCAQ.xyz,
ABANUP.xyz,
OJUHOS.xyz,
PATTAI.xyz,
QATWAJ.xyz,
PRETPG.xyz,
CEMGUY.xyz,
SIVXAW.xyz,
WIRHIQ.xyz,
IVEHOI.xyz,
XAJWOV.xyz,
CAJBOG.xyz,
OCUZIW.xyz,
GEHPUE.xyz,
FAQHOU.xyz,
ROXFAN.xyz,
XIFSUD.xyz,
YUJWUY.xyz,
JUWYAD.xyz,
PUTXIN.xyz,
GAPVUR.xyz,
LOBPUP.xyz,
CUPXAP.xyz,
FAWJAP.xyz,
ACINAE.xyz,
IYEGUQ02.xyz,"- RDKit-SCOPE comparison failed: - Different molecular charge: RDKit=-2, SCOPE=0"
JAWYOY.xyz,
BAGSUZ.xyz,
WAFFOA.xyz,
POBHOF.xyz,
UPEDAW.xyz,
DOTPOS.xyz,
SODJEB.xyz,
POCDAO.xyz,
CUBKOB.xyz,
SEGMUP.xyz,
IKADIH.xyz,
JASSEC.xyz,
LEBBOJ.xyz,
SOVNUN.xyz,
HOFTAY.xyz,
MUXBEO.xyz,
VIMLAH.xyz,
ETUFAC.xyz,
DABTUY.xyz,
BUNGEZ.xyz,
MIWREQ.xyz,
FRQUCB.xyz,
VIYCEO.xyz,
YAHFAQ.xyz,
VEBYUZ.xyz,
QOBWOW.xyz,
VEQDON.xyz,
EDEFID.xyz,
YEFPIL.xyz,
EBUYEG.xyz,
ILAVOG.xyz,
XEQWAS.xyz,
SOFSAK.xyz,
MUWTED01.xyz,
WADHEQ.xyz,
LOCTUT.xyz,
JUBNAX.xyz,
PUZBIY.xyz,
ACIZAP.xyz,
WAFFEQ.xyz,
WIYLIB.xyz,
GIQNOL.xyz,
FUMTUE.xyz,
OFESIE.xyz,
JAYSUY.xyz,
DMTBBZ01.xyz,
POJGUQ.xyz,
RAVBEY.xyz,
QOBCEP.xyz,
PARDER.xyz,
TORNUM.xyz,
EDODOT.xyz,
RORSUM.xyz,
DUSNEL.xyz,
TTDSHD10.xyz,
IGEKIQ.xyz,
YERJAJ.xyz,
IMOGIC.xyz,
POXPIC.xyz,
PUXMEA.xyz,
SBTHAZ14.xyz,
SOYVEH.xyz,
REQZIW.xyz,
KELMOG.xyz,
SEWPUG.xyz,
YIZBIU.xyz,
PENKOI.xyz,
TEZBAB.xyz,
LIPVEM.xyz,
SAWBOJ.xyz,
UNEZUK.xyz,
MIXROA.xyz,
EZISUC.xyz,
ACSALA26.xyz,
BIGBUR.xyz,
PALKUL.xyz,
ITAXAE.xyz,
MECWAS.xyz,
PEWJAC.xyz,
TOLSUK.xyz,
OGEMUJ.xyz,
JOJVOW.xyz,
COSNAA.xyz,
ZUZYEY.xyz,
WEGBAL.xyz,
COVVAN.xyz,
WIXQUQ.xyz,
MISKEE.xyz,
REYFEJ.xyz,
VEJRUZ.xyz,
XIQWEB.xyz,
USAJIJ.xyz,
NEMYEJ.xyz,
XOHTOF.xyz,
FEGSIW.xyz,
PERROT.xyz,"- RDKit generation failed (AtomValenceException): Explicit valence for atom # 0 Si, 5, is greater than permitted"
PUWMIF.xyz,
SIJNEE.xyz,
XAGNOL.xyz,
OBEYEC.xyz,
JEFNAK.xyz,
BENROB.xyz,
PUJRIV.xyz,
ORILIM.xyz,
TEWFEJ.xyz,
IKEJAL.xyz,
LAGWAR.xyz,
TOKNIR.xyz,
VORXEI.xyz,
EYEFOE.xyz,
FUZGEN.xyz,
UJIBEW.xyz,
ZALBIA.xyz,
UWIYEG.xyz,
SEBRAV.xyz,
WAWHUA.xyz,
BICCIZ14.xyz,
GEJGIL.xyz,
HIVYUI.xyz,
WOQSAW.xyz,
NUBDOD.xyz,
MOBMAR.xyz,
LEVWAL.xyz,
OJUSUI.xyz,
FUJRUX.xyz,
VITWAW.xyz,
HIQDIX.xyz,
CATTOJ.xyz,
FERSEC.xyz,
TELZES.xyz,
VADZEF.xyz,
QUYVAK.xyz,
SUKKUE.xyz,
RADQUJ.xyz,
KEDHOQ.xyz,
DABSOR.xyz,
QUNMIX.xyz,
ENALAH.xyz,
ROGNEH.xyz,
FACQUV.xyz,
KISXUH.xyz,
SEHLID.xyz,
HADVIU.xyz,
HIJHUF.xyz,
POGGOK.xyz,
ADIJUV.xyz,
RAYNAH.xyz,
REPFOH02.xyz,
FIDHUV.xyz,
PEZLOW.xyz,
QAJRID.xyz,
TAQLUU.xyz,
GEMKIS.xyz,
LUZJEW.xyz,
INACIL.xyz,
CEXZUD.xyz,
HAKXUO.xyz,
SIBHOA.xyz,
MUTTOK.xyz,
VELTIQ.xyz,
VUXMAF.xyz,
IJOCUF.xyz,
RABCAZ01.xyz,
JEKMAO.xyz,
JAVLUN.xyz,
ANACAU.xyz,
DUTXIA.xyz,
ROCXIT.xyz,
KEKNUM.xyz,
PAMVOP.xyz,
VEPYEV.xyz,
JOKKIG.xyz,"- RDKit generation failed (AtomValenceException): Explicit valence for atom # 46 As, 5, is greater than permitted"
HOFGUE.xyz,
GAYKEW.xyz,
HOQKOQ.xyz,
LEVGAW.xyz,
KINMOM.xyz,
POXXIJ.xyz,
XAZWIH.xyz,
DEYQII.xyz,
ACUMEQ.xyz,
BEJHII.xyz,
IWABIT.xyz,
WAMFUO.xyz,
TEWHAH.xyz,
NENVOT.xyz,
YEGJUS.xyz,
TAVYAS.xyz,
IJUHUQ.xyz,
VAYBUU.xyz,
PIBKAP.xyz,
AREWEA.xyz,
AMAKAA.xyz,
NOLZUM.xyz,
GENQUM.xyz,
VUCHOT.xyz,
RAXHAA.xyz,
WEZKOE.xyz,
MOVVEY.xyz,
EHUBUG.xyz,
YAZCUY.xyz,
TEGSEG.xyz,
PUQVUU.xyz,
XIVQUR.xyz,
WEHKUS.xyz,
WEMDEX.xyz,
KUVKES.xyz,
TUHZOM.xyz,
DESKER.xyz,
CUYDUV.xyz,
QUNGIS.xyz,
CBCYHO.xyz,
OXUSEH.xyz,
VOHYOI.xyz,
PACDAB.xyz,
XULCOY.xyz,
TACBEN03.xyz,
NIZDEH.xyz,
HUDKIB.xyz,
FEKYOM.xyz,
WOMWUQ.xyz,
ORUWAB.xyz,
GITCAQ.xyz,
QELDAP.xyz,
VETZOK.xyz,
OKEROL.xyz,
MACSUH.xyz,
XISVOM.xyz,
QEGVII.xyz,
EGURON.xyz,
LOGTUY.xyz,
QAZMIP.xyz,
WAFWOS.xyz,
QOSNIY.xyz,
POTSAT.xyz,
OWEBAV.xyz,
JAKDUU.xyz,
PASNED.xyz,
QIWPAQ.xyz,
MUHCAW.xyz,
LIRXAL.xyz,
RUTBEQ.xyz,
EQOGAS.xyz,
QUBTEN.xyz,
WEWQEV.xyz,
XIWSUU.xyz,
ZINNUF.xyz,
AKOZUX.xyz,
NUVKAS.xyz,
YIDBOE.xyz,
GEKHUB.xyz,
KUFVOZ.xyz,
XOZNUY.xyz,
WIHFOJ.xyz,
LEJTOK.xyz,
BEDREJ.xyz,
GUSPOC.xyz,
VEMJEF.xyz,
CIQGAM.xyz,
FIMREY.xyz,
WORYIN.xyz,
GOGGOY01.xyz,
VAYHEI.xyz,
JUFDAS.xyz,
TEVBEC.xyz,
GUWTOK.xyz,
YONBIN.xyz,"- RDKit-SCOPE comparison failed: - RDKit contains implicit hydrogens (index, element, count): [(7, 'C', 2), (36, 'C', 2)]; - Different molecular charge: RDKit=2, SCOPE=0"
KUNLOU.xyz,
GIKNEW.xyz,
LELVIK.xyz,
ETZAND.xyz,
TESVAR.xyz,
QACJEM.xyz,
TABBOQ.xyz,
NEWBUN.xyz,
FACREG.xyz,
ENETIC.xyz,
IZUDAK.xyz,
GUYWAZ.xyz,
BUJLEY.xyz,
DUTJUX10.xyz,
GACGIB.xyz,
XIVZUX.xyz,
COCYAU.xyz,
EZENAZ.xyz,
NAQBOW.xyz,
NAPMCB.xyz,
BAQFUW.xyz,
INOCET.xyz,
VUKWON.xyz,
ZEXQOK.xyz,
HUKVUG.xyz,
UNUYUY.xyz,
EZODIG.xyz,
KEMPAT.xyz,
JEHDEG.xyz,
JAFCAU.xyz,
CAJDAT.xyz,
YOTZEO01.xyz,
PEHCAH.xyz,
POQXEA.xyz,
MOROCX.xyz,
CIRCIQ.xyz,
QACXOI.xyz,
GURGIJ.xyz,
LAXFOH.xyz,
EDIXAS.xyz,
CENMIR.xyz,
XAZTIC.xyz,
HAZRUX.xyz,
MEHFIP.xyz,
DOLBAI.xyz,
HOFROL.xyz,
CURRAK.xyz,
NUFCEY.xyz,
SOKGUU.xyz,
RIFWEI.xyz,
QUNTIF.xyz,
BUDWAZ.xyz,
YOXRUY.xyz,
VIXBAH.xyz,
TUXBET.xyz,
VAWCEC.xyz,
VIPJOW.xyz,
TPEPHO17.xyz,
JEJSOH.xyz,
MAZFIF.xyz,
DAHQEL.xyz,
PODOLD.xyz,
XUSYUF.xyz,
PIXBII.xyz,
TAXSER.xyz,
QUZCIY.xyz,
GAPHEM.xyz,
KAKNAM.xyz,
YUCSIZ.xyz,
KUJZOF.xyz,
DIJNER.xyz,
GUPVUJ.xyz,
XAFTOP.xyz,
GURRUH.xyz,
LUVPIB.xyz,
OFAZEB.xyz,
QUBPUZ.xyz,
MAKYII.xyz,
RAWWUI.xyz,
CECNOP.xyz,
SUVLAZ.xyz,
POTQAT.xyz,
UWEYEB.xyz,
PIWVUO.xyz,
COTLOO.xyz,
DUSVET.xyz,
CEPQOE.xyz,
AXIMOK.xyz,
NAXDUM.xyz,
SEPKEG.xyz,
CIRCAK.xyz,
PAZKUW.xyz,
ADAXOT.xyz,
HOVNAK.xyz,
AHIMOT.xyz,
NOZQEB.xyz,
VUVBEV.xyz,
SECYEE.xyz,
ANUTUZ.xyz,
FIWZOA.xyz,
TATBAS.xyz,
VAFWUW.xyz,
OQIFIE.xyz,
BOSBER.xyz,
SAXGIH.xyz,
IROYOD01.xyz,
ORADOC.xyz,
BUFKES.xyz,
NUCCAQ.xyz,
KUZRUT.xyz,
WACWII.xyz,
ADOPIU.xyz,
COLSII.xyz,
YAPMUA.xyz,
LOTFUV.xyz,
IFOQIG.xyz,
ZELNEJ.xyz,
OCELIT.xyz,
IQAREY.xyz,
MEVNIK.xyz,
MAGTAR.xyz,
LESLEC.xyz,
QAQXEM.xyz,
UJOTES.xyz,
XUQMIH.xyz,
LIFGUF.xyz,
KEHDAD.xyz,
BERSID.xyz,
ASOKUP.xyz,
RUZCIZ.xyz,
WIKBUQ.xyz,
IWAMEY.xyz,
VOSDEM.xyz,
XALBOE.xyz,
OFINOH.xyz,
CIRLEX.xyz,
KULREP.xyz,
QAVPEK.xyz,
MANXUW.xyz,
QODFIB.xyz,
MOTPIX.xyz,
NEXJUW.xyz,
XELYUJ.xyz,
HADQOT.xyz,
CAKQOW.xyz,
OYAFAW.xyz,
BIGTIU01.xyz,
VIDGUL.xyz,
ICULOI.xyz,
RUGDIH.xyz,
PIDDIP.xyz,
SUZYOC.xyz,
HILPUO.xyz,
LOPXEV.xyz,
KUKSEQ.xyz,
ZIPSIC.xyz,
POQMEP.xyz,
ICAVIU.xyz,
ZAVDOS.xyz,
LUNGUW.xyz,
VETMAJ.xyz,
KITBEX.xyz,
JEQXUZ.xyz,
LUWVOQ.xyz,
FAWWIJ.xyz,
REPFIC.xyz,
VEMNOS.xyz,
DIFPEQ.xyz,
GUMGEB.xyz,
ASOSEH.xyz,
WESTOG.xyz,
HOBXAY.xyz,
PUVXOU.xyz,
NEVNEH.xyz,
NIJRUV.xyz,
PEJYAF.xyz,
NERSAF.xyz,
OGODAR.xyz,
ALOSEZ.xyz,
REVWEX.xyz,
XIMJEK.xyz,
KADZEU.xyz,
TBCHNB.xyz,
ENIMET.xyz,
UKATUX.xyz,
ARUTUD.xyz,
OLEGUJ.xyz,
CEFHIH.xyz,
LALVID.xyz,
BOCNAJ.xyz,
TAVMEK.xyz,
AJIRAO.xyz,
VOYLIH.xyz,
WUMGET.xyz,
VOSFOB.xyz,
ACAYIP.xyz,
KAQGAN.xyz,
RADLUG.xyz,
DOKLUN.xyz,
ZEDTEK.xyz,
UWUPOT.xyz,
HANLEQ.xyz,
ERIRUS.xyz,
QAMKEX.xyz,
XIZGUL.xyz,
FIPWEI.xyz,
QUHCII.xyz,
GUCNAV.xyz,
ZILSUI.xyz,
IXEWAJ.xyz,
HUGJEB.xyz,
WIWWEH.xyz,
SUPWEF.xyz,
BOZFIG.xyz,
HUQQER.xyz,
PECWID20.xyz,
BULLEC.xyz,
QAMMAV.xyz,
PIYWIG.xyz,
MIRZIX.xyz,
LOBFAM.xyz,
MUQLEQ.xyz,
VOPHEN.xyz,
PIDKIX.xyz,
WIPRIY.xyz,
KEBJIK.xyz,
FATKOA.xyz,
SUGBII.xyz,
PAGTEW.xyz,
CUFGUF.xyz,
MARRUU.xyz,
IRITAE.xyz,
WESTUM.xyz,
ZIVBEO.xyz,
AXEGOB.xyz,
ZUKVOS.xyz,
RUBXUJ.xyz,
YIBBAM01.xyz,
IROZEV.xyz,
JEHFUX.xyz,
ZELTOZ.xyz,
EJAWUI.xyz,
NEQKUQ.xyz,
BUJTOS.xyz,
POPWUN.xyz,
LAWGAU.xyz,
TURCIS.xyz,
PUYRIK.xyz,
QAGSUM.xyz,
HUDCOZ01.xyz,
AQOREE.xyz,
NIYQOE.xyz,
DAYVIK.xyz,
DTHDOX01.xyz,
IWIFUR.xyz,
DIWWAI.xyz,
GESNUP.xyz,
SONGOU.xyz,
DOLVOS.xyz,
NAYMEF.xyz,
HERNIC.xyz,
ZIFLOP.xyz,
BAKSEM.xyz,
TOJQER.xyz,
BAXXOO.xyz,
KAHYAV.xyz,
RHODIN01.xyz,
GOJWEI.xyz,
POVKAO.xyz,
VUTBUI.xyz,
PAVFOK.xyz,
DUNNAB.xyz,
EROQOS.xyz,
LICFIO.xyz,
XUTREK.xyz,
PATWOX.xyz,
QUBQAG.xyz,
VOQPUN.xyz,
WEMQOX.xyz,
PUDHAA.xyz,
SANTIN.xyz,
AFOCOQ.xyz,
EQUXIZ.xyz,
VIDDIW.xyz,
EHAZAQ.xyz,
IHIHAL.xyz,
GIYGIE.xyz,
ZOPDUF.xyz,
FUGXAH.xyz,
DANZAU.xyz,
LODVEF.xyz,
ICOHAL.xyz,
LILKIA.xyz,
AXEPUQ.xyz,
JOTHOR.xyz,
UFAKUK.xyz,
RASZUG.xyz,
MEZTES.xyz,
LUNMEO.xyz,
COQZIU.xyz,
EGONAQ.xyz,
NILZEO.xyz,
WOCNOT.xyz,
HIPXAH.xyz,
GIWSEN.xyz,
KEKFEO.xyz,
BUPPAD.xyz,
MULVOH.xyz,
YEVPUK.xyz,
DOQWEN02.xyz,
NEMNAV.xyz,
EHASIP.xyz,
PUKYUS.xyz,
HUNTAL.xyz,
LISLEF.xyz,
PAFHUD.xyz,
NAJXII.xyz,
JUNLIN.xyz,
YIFROV.xyz,
ZUBREW.xyz,
ACUXUT.xyz,
DUHHUJ.xyz,
REHFOA.xyz,
EROYER.xyz,
YOCVUJ.xyz,
WELWUF.xyz,
REQKEE.xyz,
RIJWEM.xyz,
ABIVUD.xyz,
KERVIN.xyz,
BOSSOT.xyz,
OCUHEB.xyz,
SEMTAF01.xyz,
IBUXAH.xyz,
BOBNEL10.xyz,
NIYLIT.xyz,
IQACEJ.xyz,
EGOSOK.xyz,
YETXAZ.xyz,
VUXFIF.xyz,
UKUHIS.xyz,
QOBBOZ.xyz,
EVIXAJ.xyz,
SUHSIX.xyz,
WOBSUE.xyz,
REXHAE.xyz,
YIKFAB.xyz,
SUWKUS.xyz,
RODVAK.xyz,
ZUVSUH.xyz,
AXOXUG.xyz,
UPAXEP.xyz,
KAQREB.xyz,
QADYIG.xyz,
NOHKIH.xyz,
PAZDPY.xyz,
ZAZPAT.xyz,
FOWREP.xyz,
NOLYOE.xyz,
VEPSIT.xyz,
ROHTOA.xyz,
DIQBAI.xyz,
TAQLAA.xyz,
EFEMIM.xyz,
GOFJET.xyz,
UXOLOK.xyz,
NELXOS.xyz,
AFILUZ.xyz,
VILJOP.xyz,
GILDIP.xyz,
WALKAX.xyz,
SNXNCP10.xyz,
JEKQAU.xyz,
BZOYTC.xyz,
LEZMUB.xyz,
HOTKIM.xyz,
NOYVAB.xyz,
KOCLIA.xyz,
XEBCAJ.xyz,
LEVWEO.xyz,
NESFUN.xyz,
LOBVEF.xyz,
HULGOK.xyz,
XONZIK.xyz,
ZAHFAS.xyz,
ROWBUC.xyz,
ATOMUT.xyz,
NIFHOC.xyz,
GUQZAT.xyz,
PAVVEN.xyz,
AGIKEJ.xyz,
BILXAV.xyz,
MUXHOE.xyz,
HIQYIS.xyz,
ETEYAE.xyz,
ABESOS.xyz,
WAKNIG.xyz,
ZAPRIU.xyz,
CITDER.xyz,
UNOLEO.xyz,
IGIPEW.xyz,
ZANKEH.xyz,
HIKREB.xyz,
LEZGOO.xyz,
ZAMVAK.xyz,
LAGNAJ.xyz,
ZORJUL.xyz,
PEZZAX.xyz,
FISJUN.xyz,
WUMMOJ.xyz,
BEOBCN10.xyz,
SUFHEJ.xyz,
VAMKAY.xyz,
CUCQAU.xyz,
CIJHUZ.xyz,
FOHMIY.xyz,
UFINOP.xyz,
XEBYEK.xyz,
YEVSAT.xyz,
LUNFAB.xyz,
IQAPUN.xyz,
CBCHTS01.xyz,
QIRSAN.xyz,
MEHNEV.xyz,
HETLUQ.xyz,
HIDSOD.xyz,
EDADIW.xyz,
DOMNOI.xyz,
CIXKAX.xyz,
DEWYIN.xyz,
SOCYUH.xyz,
HISLUR.xyz,
RIYFOW.xyz,
ICOLOC01.xyz,
HEBYUL.xyz,
EQUQUD.xyz,
XEMZOG.xyz,
REFNAU.xyz,
UFOBIA.xyz,
PIRQUF.xyz,
DOQMUS.xyz,
VAFXOR.xyz,
IWIPIN.xyz,
UROCEL.xyz,
HIDRAO.xyz,
WAPJED.xyz,
YUYGEE.xyz,
TIPPEO.xyz,
TIPQAN.xyz,
EZIHAY.xyz,
KAVTEG.xyz,
CEMJIQ.xyz,
VOVGEV.xyz,
TOVDIR.xyz,
WIYXEK.xyz,
DODVOJ.xyz,
WANRUB.xyz,
AXODAS01.xyz,
IYALOK.xyz,
ROMFOP.xyz,
NOKTOX.xyz,
JOGVUY.xyz,
KOSZUN.xyz,
QEPGOJ.xyz,
QQQCOY10.xyz,
DAQVID.xyz,
SECWOO.xyz,
JACDAV.xyz,
DUXSEU.xyz,
COPFOE.xyz,
ZETWIG.xyz,
DUTVOE.xyz,
QUPGOZ.xyz,
BOQTAF.xyz,
VUZPUC.xyz,
YIVNOG.xyz,
RIBZEI.xyz,
POMXEV.xyz,
RIQTES.xyz,
HILHAL.xyz,
GAYTAD.xyz,
MIJPOK.xyz,
FINSUQ.xyz,
GICXEX.xyz,
ADECUI.xyz,
NIWDAA.xyz,
ROGREM.xyz,
ACOHAD.xyz,
MESHEY.xyz,
LICXUQ.xyz,
GISYEO.xyz,
NUBYUF.xyz,
ZIHTOC.xyz,
POYBEN.xyz,
DUPYAO.xyz,
VEMDEW.xyz,
SARKUU.xyz,
DUMNUX.xyz,
VUCGEH.xyz,
ZOVNOP.xyz,
RAHBUA.xyz,
LIDFIO.xyz,
TIRMEN.xyz,
CANWUK.xyz,
ISAMIA.xyz,
FAKWIX.xyz,
LATYIO.xyz,
WAFHOC.xyz,
QAWNIO.xyz,
QIQLOU.xyz,
POLXOD.xyz,
PAQWEM.xyz,
XIBHEW.xyz,
CEFDEZ.xyz,
XACNOG.xyz,
VEKLUT.xyz,
ALAGUR.xyz,
SAHFEP.xyz,
DIWPIJ.xyz,
YONMAQ.xyz,
XUQSOT.xyz,
EDEKIH.xyz,
MOVCAE.xyz,
OBAXOG.xyz,
SULRAS.xyz,
RALNIE.xyz,
MAKYEE.xyz,
IJIJES.xyz,
PUXVUB.xyz,
CANRAM.xyz,
WIBCIT.xyz,
EWILEB.xyz,
ZIQPEW.xyz,
XUJMUN.xyz,
YEKQAG.xyz,
LISZIW.xyz,
BACMUQ.xyz,
BABLEY.xyz,
QEBYUU.xyz,
MUKXAR.xyz,
HOLQIJ.xyz,
TASKON.xyz,"- RDKit-SCOPE comparison failed: - RDKit contains implicit hydrogens (index, element, count): [(14, 'C', 2)]"
DUZFEM.xyz,
ILOFEW.xyz,
YOJCUX.xyz,
PAVPIL.xyz,
DUHBIS.xyz,
KOPJEG.xyz,
PHENDS01.xyz,
TATGAW.xyz,
OCAXOH.xyz,
LODKAQ.xyz,
QUBWAN.xyz,
LOCJAR.xyz,
FIWBOD.xyz,
NEDFIO.xyz,
MIZKIR.xyz,
FOGBEJ.xyz,
LEGYIH.xyz,
ZEJLUV.xyz,
YIWLIA.xyz,
BIRTEB.xyz,
LUPYEA.xyz,
OHBOCP01.xyz,
DOTKOM.xyz,
MIYDOO.xyz,
KAPHAN.xyz,
WANNIJ.xyz,
SEWSOF.xyz,
KUQLEQ.xyz,
JOPHAZ.xyz,
FEGSEP.xyz,
TIDSAA.xyz,
JIXVAO.xyz,
HEKNAM.xyz,
WIBXUA.xyz,
XUMBEP.xyz,
VEQNAH.xyz,
GOTTIS.xyz,
GAVLOF.xyz,
COLXAE.xyz,
BABMUP.xyz,
YUPGUO.xyz,
EBUSIG.xyz,
JUCVIP.xyz,
XARYIY.xyz,
WEKGEB.xyz,
QAVGEZ.xyz,
EVEDUF.xyz,
UDOGOL.xyz,
FAXMEW.xyz,
GAVKEW.xyz,
ASOPEE.xyz,
LUMCOL.xyz,
VIHSOV.xyz,
FUNKUX.xyz,
CYHXDN.xyz,
GUJMAB.xyz,
IBAZUJ.xyz,
CAPQIV.xyz,
IGOQAY.xyz,
FAPFEH01.xyz,
RARYEO.xyz,
LICPEU.xyz,
MIMKUP.xyz,
RESLUW.xyz,
TUQMAV.xyz,
HEDPUC.xyz,
DEGMOS.xyz,
OKUQIV.xyz,
YIBMIH.xyz,
KECZIE.xyz,
JEHQOF.xyz,
IRULAK.xyz,
DATSIC.xyz,
GUFVEL.xyz,
QIBVOM.xyz,
WETGOT.xyz,
HOKSEH.xyz,
SUBSUF.xyz,
QEKXOT.xyz,
ABIWOA.xyz,
BODTIZ.xyz,
XOYYIT.xyz,
KEFVUO.xyz,
DUFWEH.xyz,
OFUBAV.xyz,
JOQCOH02.xyz,
HIZKIM.xyz,
TAVKIM.xyz,
LAGTET.xyz,
FUNZOG.xyz,
JOQKEF.xyz,
WOJLEO.xyz,
DEVJIX.xyz,
LEDGEH.xyz,
WOCZIA.xyz,
MAFPEQ.xyz,
FEMXEA.xyz,
REVCIH.xyz,
DOTTIQ.xyz,
XUGLUJ.xyz,
VAHGIX.xyz,
ZZZAUN.xyz,
QAQBEQ.xyz,
UFODEZ.xyz,
OLOWAP.xyz,
MILMAX.xyz,
VEMYIV.xyz,
GUZLUJ.xyz,
MAWBUH.xyz,
NUCMOQ.xyz,
LONDEZ.xyz,
QEYQUI.xyz,
WADFIR.xyz,
HAHGOM.xyz,
EMULII.xyz,
TUGJEM.xyz,
TARNIM.xyz,
COQVEJ.xyz,
JILXEK.xyz,
WANQOR.xyz,
DEJMEM.xyz,
AMEZIC.xyz,
TIBJOF.xyz,
OCALEL.xyz,
PEXFEF.xyz,
IGEJUB.xyz,
DPDHPS10.xyz,
BOPBAL.xyz,
BEWKAS.xyz,
YEVLIX.xyz,
MOBNOJ.xyz,
UDOROU.xyz,
PUMYIG.xyz,
UJAHOE.xyz,
MEHCIN.xyz,
FUYPAR.xyz,
ROKCUP.xyz,
TUQMIE.xyz,
SAWMOU.xyz,
XUQRIL.xyz,
BESTEZ.xyz,
MUHYUL.xyz,
YOKQAS.xyz,
TEJQAA.xyz,
CALBOJ.xyz,
UPOFEM.xyz,
ZOJSAV.xyz,
OJULIO.xyz,
GOBGEL.xyz,
DOPQOO01.xyz,
MEBQUF.xyz,
FUCLOE.xyz,
HACPAE.xyz,
KOJRAD.xyz,
XUGJAN.xyz,
XEKKUW.xyz,
GLUCSA26.xyz,
QOZTAD.xyz,
GOGSIH.xyz,
VAPWER.xyz,
EKAXOD.xyz,
YIRKER.xyz,
OBEXOI.xyz,
FADCET.xyz,
DADPDS05.xyz,
XASXOG.xyz,
CARWIE.xyz,
GUZBUZ.xyz,
POCQUV.xyz,
PEYFOO.xyz,
ASETOI.xyz,
DIDBEY.xyz,
DOZLIN.xyz,
AKOWEE.xyz,
HUXYEG.xyz,
GOQFOH.xyz,
LEKQUN.xyz,
QEKYOU.xyz,
PAMNAT.xyz,"- RDKit-SCOPE comparison failed: - RDKit contains implicit hydrogens (index, element, count): [(3, 'C', 2), (6, 'C', 2), (34, 'C', 2), (37, 'C', 2)]"
AMSALA02.xyz,
BORWOV.xyz,
GESFAM.xyz,
EZOJIO.xyz,
FORKUV.xyz,
DUMQEJ.xyz,
QULZOP.xyz,
BAVLOC.xyz,
GACRUY.xyz,
MUKTAO.xyz,
LOPJUX.xyz,
CUGXIL.xyz,
FETFIV.xyz,
LIKFAM.xyz,
FELPAQ.xyz,
DEWBOX.xyz,
TIXWED.xyz,
REPXIW.xyz,
SAJROM.xyz,
TECLIX.xyz,
IRUXUO.xyz,
LEPBAK.xyz,
IWATIJ.xyz,
CEFREM.xyz,
IDEVEV.xyz,
COBROB.xyz,
TIGDIW01.xyz,
FIKWON.xyz,
KOGXEL.xyz,
XILQER.xyz,
FEGSOB.xyz,
TUXFIC03.xyz,
IFODAJ.xyz,
DILLAM.xyz,
ISORAK.xyz,
MINHAT.xyz,
NISFIG.xyz,
RICLAS.xyz,
VUWYOD.xyz,
WORVUX.xyz,
FEPYIK.xyz,
JALQET.xyz,
JOWHIP.xyz,"- RDKit generation failed (AtomValenceException): Explicit valence for atom # 1 Si, 5, is greater than permitted"
WINJIP.xyz,
HIRXAK.xyz,
MUXKOF.xyz,
XEYDIO.xyz,
BESZEG.xyz,
RIFZAI.xyz,
JOHMOK.xyz,
DADSIL.xyz,
YOTDUJ.xyz,
TIMRIS.xyz,
FAMBAX.xyz,
RUGDUV.xyz,
KUQTIB.xyz,
UYIYUY.xyz,
ZISMUM.xyz,
PEDFUB.xyz,
FEVVAG.xyz,
GICRES.xyz,
FUNDUN01.xyz,
MOZLAP.xyz,
HERGIX.xyz,
NUXXEL.xyz,
RULSUN.xyz,
TERREO.xyz,
YOSSEH.xyz,
BRPSYD10.xyz,
TIYLAP.xyz,
CIMGEL.xyz,
CEMHEJ.xyz,
YUPPAA.xyz,
ZEQNEO.xyz,
VEFFIX.xyz,
QOYNEX.xyz,
ILETOK.xyz,
ECUMUN.xyz,
WUFXON.xyz,
WETCUU.xyz,
LITLIM.xyz,
LOZFUE04.xyz,
POHYAN.xyz,
OFEMOE.xyz,
ZOYYIX.xyz,
TELPEF.xyz,
VOQKUI.xyz,
CARQUJ.xyz,
DUZSIA.xyz,
OFOLEA.xyz,
ILIDIS.xyz,
HEMYAZ.xyz,
CASBAB.xyz,
ADIXIX.xyz,
GEDCUO.xyz,
AFEXER.xyz,
XEHGAT.xyz,
AJOZII.xyz,
FABLUS.xyz,
JIJPOH.xyz,
TUCHAC.xyz,
UZEVUS.xyz,
XALDUM.xyz,
BELFAZ.xyz,
WAMKOL.xyz,
JENLAP.xyz,
ESEWOP.xyz,
FEVJOH.xyz,
SONDAB.xyz,
UCEXUY.xyz,
HOQXIX.xyz,
JOQQIR.xyz,
GAXFET.xyz,
GEZGAW.xyz,
TOVMUM.xyz,
UCOHID.xyz,
UXONIG.xyz,
BAMWIV01.xyz,
SUZNAD.xyz,
NIMLAW.xyz,
KEZTAM.xyz,
FAKKEH.xyz,
KUMYUM.xyz,
GINFIT.xyz,
BONPEB.xyz,
REWFIL.xyz,
KUYYOT.xyz,
AWIXAH.xyz,
XETROG.xyz,
IXIHOO.xyz,
XANYIW.xyz,
QEPMOQ.xyz,
CUCLUI.xyz,
CIHYIE.xyz,
BIVYOV.xyz,
MEDZIG.xyz,
YANZET.xyz,
UDOZUJ.xyz,
XUTWOA.xyz,
BAYQOJ.xyz,
WOHFAA.xyz,
WACSOK.xyz,
CEFWER.xyz,
XIBNEC.xyz,
JICWIE.xyz,
SAXJEJ.xyz,
DPINOL01.xyz,
PUJYOJ.xyz,
COFGAG.xyz,
NAHKUF.xyz,
CUPSOX.xyz,
BIDKIL.xyz,
SUKXEE.xyz,
NEHHUE.xyz,
TOSVIG.xyz,
GIVGUO.xyz,
ANOVEG.xyz,
AHILIN.xyz,
OYUWOV.xyz,
NAWKUT.xyz,
LERBER.xyz,
AFEVUD.xyz,
RIPLIN.xyz,
HIVQUZ.xyz,
QULFIO.xyz,
MELOCH.xyz,
LEBHEH.xyz,
RAWKEH.xyz,
LUQMAN.xyz,
EKIBUX.xyz,
XUWVAO.xyz,
TOKDAA.xyz,
TIHNAZ.xyz,
FOBTAS.xyz,
OJOYOC.xyz,
YADBIR.xyz,
HODVAY.xyz,
CIPLOE.xyz,
DIBDOH.xyz,
VOXFIX.xyz,
QULJEO.xyz,
VABGEM.xyz,
RUBSUF.xyz,
UKEWUC.xyz,
WIGYUG.xyz,
YUWPIP.xyz,
IJUXIW.xyz,
OGUDEB.xyz,
WOWCAP.xyz,
MUQDIL.xyz,
DAGMEF.xyz,
FUDWUX.xyz,
KICBUT.xyz,
SIPKUY.xyz,
QOTNOD.xyz,
NUHTEP.xyz,
GECLUX.xyz,
ZUMKEX.xyz,
REZVOK.xyz,
NAXGAX.xyz,
QIBSEA.xyz,
ODIBIN.xyz,
EMAYUO.xyz,
SALBOZ.xyz,
VEDLEW.xyz,
AWOQAG.xyz,
NAMPUO.xyz,
LEJZIK.xyz,
YAGXEJ.xyz,
GUBWUX.xyz,
JEGYEA.xyz,
DILGOV.xyz,
NOZDIP.xyz,
JESVOT.xyz,
CICRUC.xyz,
PUFLIM.xyz,
MANTHA.xyz,
SUVSUA.xyz,
KUGXIT.xyz,
USIKUE.xyz,
AGOYAZ.xyz,
FEMNAN.xyz,
FUMHAZ.xyz,
MAXRIN.xyz,
BIFPAJ.xyz,
IYOMOZ.xyz,
UQOGOX.xyz,
TEVTOE.xyz,
XOLKUF.xyz,
PUQBUA.xyz,
CEKFIJ.xyz,
WOHYAW.xyz,
VEMCAS.xyz,
LACWET.xyz,
ALOWEF.xyz,
ZEMNUA.xyz,
FADZOZ.xyz,
ASAWUM.xyz,
SAFREY.xyz,
URAKAA.xyz,
OREPAD.xyz,
NESFAV.xyz,
VUBRUH.xyz,
RIRSAM.xyz,
PAYHOP.xyz,
XAVGOT.xyz,
SANRIK.xyz,
GALSEU.xyz,
ISOSEP.xyz,
LOJLOM.xyz,
TEPYIZ.xyz,
NIGMIC.xyz,
DIRQIE.xyz,
CIWLEC.xyz,
SUBJEH.xyz,
SOXJOH.xyz,
XEYYEG.xyz,
OJAPUK.xyz,
VOWGAP.xyz,
INUMEJ.xyz,
TIBCOX.xyz,
LUBKEB.xyz,
YIWXIL.xyz,
ALKCAM01.xyz,
DUDSOM.xyz,
GERPEY.xyz,
ROKTEQ.xyz,
DUQPAH.xyz,
BAWSAW.xyz,
NELMOH.xyz,
CAJGEB.xyz,
NIFNIZ.xyz,
UFOHEE.xyz,
QOHFOK.xyz,
OHOWOX.xyz,
AZUWOI.xyz,
SAYQOY.xyz,
YEHKON.xyz,
XIDFOH.xyz,
MIHCUE.xyz,
UFUYOK.xyz,
ELAPAI.xyz,
HUVSUO.xyz,
SAXJEG.xyz,
VEWTAU.xyz,
TEXGAH.xyz,
NALQIB.xyz,
NIXMOZ.xyz,
SARKIF.xyz,
XAHBEN.xyz,
HUBLOI.xyz,
XAGWAG.xyz,
NAZHAY.xyz,
UREMUA.xyz,
VEMCAU.xyz,
SAMLEY.xyz,
BAPQUG.xyz,
XETHAI.xyz,
SUMVEB.xyz,
QABDOO.xyz,
XOMSUO.xyz,
TIKQEK.xyz,
MEVQIQ.xyz,
LIPRUA.xyz,
AKAWOZ.xyz,
IDIKIQ.xyz,
IQOSIQ.xyz,
HAVMUM.xyz,
NIDVAA.xyz,
XUMHAR.xyz,
MOGCOC.xyz,
IJEHIQ.xyz,
GEYDAS02.xyz,
KANRIC.xyz,
MEKTII.xyz,
UHURAR01.xyz,
MIKVOU.xyz,
ENIRID.xyz,"- RDKit generation failed (AtomValenceException): Explicit valence for atom # 0 Si, 5, is greater than permitted"
GARGOV.xyz,
KIYYEY.xyz,
OGUGIG.xyz,
WUXGEB.xyz,
CEPHAH.xyz,
DAZNEA.xyz,
RUQSUU.xyz,
LIZFEH.xyz,
TIGYOA.xyz,
WAGCUF.xyz,
COBCUS.xyz,
SANDOC.xyz,
PYTCBM.xyz,
CURFEA.xyz,
LAVZIS.xyz,
DSZNDO10.xyz,
MEPPLC.xyz,
PEMKAU.xyz,
GUWPOD.xyz,
LOHNEC.xyz,
YARVOF.xyz,"- RDKit generation failed (AtomValenceException): Explicit valence for atom # 1 Si, 5, is greater than permitted"
DAMPCX.xyz,
YAZBOR.xyz,
RODQEJ.xyz,
XEMYIY.xyz,
XOBVOZ.xyz,
PACWAU.xyz,
BAXTIG.xyz,
WUDJUA.xyz,
HEFJOU.xyz,
ODUPUB.xyz,
SOHPEL.xyz,
QAWVIW.xyz,
MOCNIC.xyz,
YISJUG.xyz,
NUNBOO.xyz,
CIBGIF.xyz,
QIFGAO.xyz,
FOPPIM.xyz,
JUHBUL.xyz,
PADCAY.xyz,
LAGLEK.xyz,
NIMLOM.xyz,
IJEWOL.xyz,
VAPMEF.xyz,
NEWLUY.xyz,
GAQHOX.xyz,
DEHROY.xyz,
MISNEI.xyz,
NOGXOY.xyz,
HIHLAN.xyz,
WEWBUW.xyz,
NECCUV.xyz,
WABCAD.xyz,
OGIBUE.xyz,
ORCPHA.xyz,
XIHMOT.xyz,
GERFIU.xyz,
TEFJOF.xyz,
KIGJOC.xyz,
YADXOR.xyz,
XAFPEZ.xyz,
PIHZEO.xyz,
LEVCOG.xyz,
IRITIN.xyz,
JIYNUD.xyz,
PUJPAO.xyz,
DITKEW.xyz,
NEPDIY.xyz,
GUTXOI.xyz,
CELKUA.xyz,
VOZVAK.xyz,
JISBUJ.xyz,
CIKZAA.xyz,
ZIHQUC.xyz,
EGONAR.xyz,
HIGYUS.xyz,
PAMZUZ.xyz,
HARXOP.xyz,
MUTJIW.xyz,
GABROQ.xyz,
TOHWOF.xyz,
HAXLID.xyz,
KUJVIW.xyz,
KECKUZ.xyz,
KIFQEV.xyz,
CURSIT.xyz,
WUBCUR.xyz,
XALPAE.xyz,
MOYROJ.xyz,
AJIVOG.xyz,
UYOBOB.xyz,
TEZPIA.xyz,
EHIWEX.xyz,
JUYXUW.xyz,
LEPHAR.xyz,
ZIPBAD.xyz,
ZONFAL.xyz,
TOQKEP01.xyz,
ALESIT.xyz,
VIGNEH.xyz,
WEHDAQ.xyz,
QULBUX.xyz,
CEDGUP.xyz,
QOZCOX.xyz,
FUPJUV.xyz,
LAXNIK.xyz,
XIGMIM.xyz,
BOWTAK.xyz,
QIFKAR.xyz,
YORBUC.xyz,
UPUKAT.xyz,
ROKXOE.xyz,
CAYPEY.xyz,
VIFWUC.xyz,
SECLIX.xyz,
URAFID.xyz,
HOMQIL.xyz,
LERTOU.xyz,
RUPBAG.xyz,
QASPOQ.xyz,
COSLUS.xyz,
OBUDUM.xyz,
PODDIW.xyz,
SUTWOW.xyz,
PIDLOG.xyz,
WIQYEC.xyz,
HOVBIE.xyz,
ROTJAN.xyz,
XUYWUL.xyz,
IWEYUG.xyz,
FAQBAC.xyz,
HERMIB.xyz,
LISGOJ.xyz,
BUFQAX.xyz,
SMTPYD.xyz,
HEQFAN.xyz,
ZESNUG.xyz,
EMENIT.xyz,
CIFZOG.xyz,
JUJPOW.xyz,
MEMXOU.xyz,
VOBXIV.xyz,
RUFCUS.xyz,
YARHUV.xyz,
DINQAV.xyz,
OXOBAG.xyz,
MUQROH.xyz,
VOYVEN.xyz,
XUQZIT.xyz,
YOVNUT.xyz,
SIXYEE.xyz,
VAKXUA.xyz,
TADKUG.xyz,
FAJLOR.xyz,
YOSSUU.xyz,
TUDWUM.xyz,
VEBCIO.xyz,
EBEZOA.xyz,
UBIROM.xyz,
ZUKCOZ.xyz,
XUPYUD.xyz,
COCBUU.xyz,
PUSKIY.xyz,
TUQBAI.xyz,
GARMIX.xyz,
XATWEX.xyz,
INAPOE.xyz,
POWLIZ.xyz,
KUZQEC.xyz,
MEBLIO.xyz,
DOHFEL.xyz,
NOQFEF.xyz,
CEZJIC.xyz,
HIFZOO.xyz,
LUFHAX.xyz,
FOHMAR.xyz,
PUTHAN.xyz,
CTCLST.xyz,
ROBBUI.xyz,
VESQAO.xyz,
IYEWIU.xyz,
GOKWOV.xyz,
GELPOF.xyz,
NERQOT.xyz,
VEQCUQ.xyz,
FIZQOX.xyz,
VUVVUG.xyz,
LIHFUD.xyz,
ASAXOJ.xyz,
QIRGIK.xyz,
JEKQUM.xyz,
COYGOO.xyz,
FUFZAH.xyz,
BASYEB.xyz,
SISVAT.xyz,
WOXZAN.xyz,
NIFXAE.xyz,
INAPUK.xyz,
UHUWIE.xyz,
TICPEC.xyz,
XOZQOV.xyz,
SOXHAQ.xyz,
TEJCAM.xyz,
FIPVAD.xyz,
DUKTOV.xyz,
JOFSAA.xyz,
LOGGOE.xyz,
OTABAN.xyz,
KAKFAD.xyz,
PALQEZ.xyz,
KEZYEU.xyz,
QIRQAM.xyz,
KEGPOE.xyz,
QOQYEC.xyz,
MOTLAJ.xyz,
DUJKIF.xyz,
TUSLAX.xyz,
TOPWUS.xyz,
EQAGOT.xyz,
MEHWEE.xyz,
YUHQOK.xyz,
TIKZIZ.xyz,
ZEWDEN.xyz,
YAFKEV.xyz,
SOCHUN.xyz,
ILUMUZ.xyz,
AHUFOY.xyz,
SUJVOK.xyz,
MEBRIX.xyz,
BUDZUY.xyz,
SAPVIO.xyz,
RUBFAX.xyz,
QAGNER.xyz,
EGOLES.xyz,
FAVSUQ.xyz,
SUBKEI.xyz,
MOHGUM.xyz,
EDINAH.xyz,
BAPDAZ.xyz,
VICCUF.xyz,
RIQHII.xyz,
NUPSUN.xyz,
SETXUK.xyz,
MEWHUU.xyz,
ECUWEH.xyz,
MODMOJ.xyz,
YEGWOW.xyz,
USONUM.xyz,
FEBCOH.xyz,
PAZLOR.xyz,
DAXTUU.xyz,
SEGHUH.xyz,
BHYPOR.xyz,
GEXNEF.xyz,"- RDKit-SCOPE comparison failed: - Different molecular charge: RDKit=-4, SCOPE=0"
FUMCOG.xyz,
GUKCOE.xyz,
UBENEX.xyz,
YIJHEH.xyz,
COGYAY.xyz,
SUCSOY02.xyz,
OREQUZ.xyz,
GICCOK.xyz,
SOQNOE.xyz,
PODGEU.xyz,
WARYIZ.xyz,
QAWZUK.xyz,
WUTSAF.xyz,
HUZJAN.xyz,
UFEDOY.xyz,
LAWCES.xyz,
PICYUY.xyz,
KAGCIE03.xyz,
UXUGAW.xyz,
IBUZAH.xyz,
VEPPUD.xyz,
BUWNOW.xyz,
LIVQAJ.xyz,
INIXEJ.xyz,
COVJAY.xyz,
GAFSOW.xyz,
IGEDON.xyz,
GUTKEO.xyz,
HELCEG.xyz,
PIHDOB.xyz,
SIWDEH.xyz,
OGUXIA.xyz,
BAXCUY.xyz,
BIDZAR.xyz,
ZUSVIU.xyz,
XIZRII.xyz,
KAKHOU.xyz,
YOPTOM.xyz,
GASYIK.xyz,
XENZEY.xyz,
POCJEY.xyz,
KOLRIO.xyz,
DEBHEA.xyz,
BECJEA.xyz,
QOJHUT.xyz,
HAZXIS.xyz,
KOPVET.xyz,
LOGGIY.xyz,
HIFZEE.xyz,
XEPROZ.xyz,
AZEPIE.xyz,
IFUXEN.xyz,
ACUNIV.xyz,
FEFMOU.xyz,
QUYCEV.xyz,
LURSIA.xyz,
WUPYIQ.xyz,
TAFTOJ.xyz,
FIXWEO.xyz,
GERPEB.xyz,
YAHQUV.xyz,
FULZOE.xyz,
NUKSAO.xyz,
HURKIQ.xyz,
UHUGUZ.xyz,
KACWEQ.xyz,
LUHYIZ.xyz,
DUTROA.xyz,
BIWWIO.xyz,
LONDUQ.xyz,
GEFLEK.xyz,
JINVUA.xyz,
JOKNAA.xyz,
XIMBEC.xyz,
OCUBOG.xyz,
DELVEW.xyz,
TALSOP.xyz,
MILYOV.xyz,
NUDCIY.xyz,
HEZHUR.xyz,
BETNOF.xyz,
XEJDEW.xyz,
MAWHAT.xyz,
JOMDIA.xyz,
CEZNEB.xyz,
QALQIE.xyz,
FABXAI.xyz,
FAZBUD.xyz,
BEDKED.xyz,
RODJUP.xyz,
VACVIH.xyz,
NUBFOF.xyz,
AJEREN.xyz,
CERBEH.xyz,
NEVNOS.xyz,
JINYUB.xyz,
KARBEM.xyz,
VOXXAJ.xyz,
MUWPUR.xyz,
TOLCEF.xyz,
DIWKOL.xyz,
ZULYUA.xyz,
COFJAL.xyz,
BETPEX.xyz,
OROGIN01.xyz,
BOZTIT.xyz,
RECLER.xyz,
NIFWUX.xyz,
DICTIT.xyz,
VUYPIO.xyz,
QAXSUG.xyz,
XAGGOD.xyz,
LESTIO.xyz,
CONCEQ.xyz,
OCOCUH.xyz,
NASVOV.xyz,
UPIRAN.xyz,
BEYCUF.xyz,
XUKLAR.xyz,
KADDEA.xyz,
OKOGIG.xyz,
XIRPUM.xyz,
TBZCHP.xyz,
EDACUI.xyz,
SISNUD.xyz,
QOQRUL.xyz,
DUWGAG.xyz,
AXAXAZ.xyz,
NESYOA.xyz,
PUKLIR.xyz,
SEZQAQ.xyz,
TEKNEE.xyz,
QITJAH.xyz,
CODPIU.xyz,
JICVUP.xyz,
QIJMEB.xyz,
LIQCAQ.xyz,
DASKEQ.xyz,
WEZDUD.xyz,
IJUROU.xyz,
IDALII.xyz,
TUMJET.xyz,
BOBKEL.xyz,
CIPWAA.xyz,
MAGTIZ.xyz,
LUZKEX.xyz,
RESXAQ.xyz,
PEMBIU.xyz,
NEHQOI.xyz,
ROMNUD01.xyz,
YEWKOD.xyz,
VOFSUH.xyz,
ZIBKAZ.xyz,
BASQUK.xyz,
VEZYIK.xyz,
CABMIB.xyz,
FUQDUQ.xyz,
QASLOL.xyz,
HOSFAW.xyz,
UJOHEG.xyz,
EXOQIS.xyz,
YANCEW.xyz,
LOQREQ.xyz,
TACXEN10.xyz,
IPOCEW.xyz,
ERIYUA.xyz,
RUKQUL.xyz,
BUSFUQ.xyz,
WICBEP.xyz,
XEHLIG.xyz,
DITMOI.xyz,
NAHMAK.xyz,
UDUSUK.xyz,
FOVZOF.xyz,
QEDDUA.xyz,
VENREN.xyz,
OGUHIH.xyz,
HESZEL.xyz,
LUTHUE.xyz,
TUVVUC.xyz,
AXACOS.xyz,
HUDDIT.xyz,
TOJZOI.xyz,
XOQMUM.xyz,
FUBPUO.xyz,
CALBAV.xyz,
VODWEQ.xyz,
XIWLIZ.xyz,
FOZKEK.xyz,
EZAGIX.xyz,
CUMMIG03.xyz,
PILJUQ.xyz,
DAMNOV.xyz,
WILKIL.xyz,
ROXBOX.xyz,
VITVUR.xyz,
EMASES.xyz,
GUMCOI.xyz,
PEXMEL.xyz,
TIRNOA.xyz,
AFORUJ.xyz,
QEPHOL.xyz,
ZEXBUC.xyz,
XATZUO.xyz,
BOYBEZ.xyz,
CUBKAM.xyz,
KACRUE.xyz,
IXUWUT.xyz,
IVOSOD.xyz,
VOGTOD.xyz,
ILIROM.xyz,
GIXWES.xyz,
YEBHAQ.xyz,
BOZJAC.xyz,
KUMYOG.xyz,
MUJBAW.xyz,
VELQIO.xyz,
FUCFUE.xyz,
MARNIF.xyz,
DIHNUE.xyz,
WOCYOC.xyz,
YILJIP.xyz,
XOWHAV.xyz,
SIYZUW.xyz,
IDELAH.xyz,
CEYLUN.xyz,
ROPZUT.xyz,
RACKAI.xyz,
FIBYIA.xyz,
AGIXAS.xyz,
ICINUF.xyz,
UNUTED.xyz,
JEDFAC.xyz,
FANYID.xyz,
FETYEJ.xyz,
FOXCOL.xyz,
DIJZUR.xyz,
AGIZOI.xyz,
AXOREM.xyz,
UDAHOY.xyz,
SOHVAM.xyz,
GAGZUL.xyz,
LAVBEP.xyz,
NAYFUR.xyz,
CUCJIT.xyz,
YITWAA.xyz,
DAXPUQ.xyz,
ZILLIS.xyz,
DUTVAQ.xyz,
PUJVEW.xyz,
PAWDEZ.xyz,
VUZWUL.xyz,"- RDKit generation failed (AtomValenceException): Explicit valence for atom # 0 Si, 5, is greater than permitted"
JUWJAP.xyz,
PIBNUM.xyz,
BEXFUF.xyz,
YIZTIK.xyz,
UDOJIJ.xyz,
IBUMUO.xyz,
NUNPUK.xyz,
ZORVUZ.xyz,
SAPLEB.xyz,
ULEVEN.xyz,
KODYEI.xyz,
VIYPEZ.xyz,
CAXQEY.xyz,
EDIXEW.xyz,
BIRSIH.xyz,
YAGYOU.xyz,
YERRIZ.xyz,
PERCEN.xyz,
OJEQUQ.xyz,
KIKQOL.xyz,
SUNTEA.xyz,"- RDKit generation failed (AtomValenceException): Explicit valence for atom # 0 Si, 5, is greater than permitted"
PECTUO.xyz,
FAZTIM.xyz,
DARRUJ.xyz,
ZEVJAL.xyz,
AQEVIB.xyz,
SEZGUB.xyz,
LODZIN.xyz,
XEGNIG.xyz,
TIHVUD.xyz,
FUSSUK.xyz,
UDURAO.xyz,
ZENWOE.xyz,
GUGYUD.xyz,
SONQER.xyz,
QIVZIF.xyz,
YARYAS.xyz,
MIYDON.xyz,
MIYDIJ.xyz,
SUJWOM.xyz,
EHMVCT02.xyz,
GOFXIJ.xyz,
UPIWEX.xyz,
JOHNEB.xyz,
WESGAF.xyz,
KUDMAA.xyz,
SUVDAP.xyz,
DUPCUN.xyz,
FUSJEK.xyz,
OBATAO.xyz,
SEGQAZ.xyz,
AGAFIZ.xyz,
YODKAE.xyz,
YEKRAK.xyz,
SOLTOF.xyz,
YELROX.xyz,
WEGGOF.xyz,
SELNEF.xyz,
UCAXED.xyz,
GISPUV.xyz,
ASOKEZ.xyz,
ACROLD.xyz,
EWOWIX.xyz,
XAQLUY.xyz,
HAMKAI.xyz,
FUPFON.xyz,
FUBXOQ.xyz,
ZUWGEG.xyz,
FOZXUQ.xyz,
BALVER.xyz,
NIRKOP.xyz,
QIDWAB.xyz,
VEPNOV.xyz,
UNARUX.xyz,
VEXMIW.xyz,
CEHJAD.xyz,
SETWOE.xyz,
PAZLIO.xyz,
TIRKIP.xyz,
HUMWUI.xyz,
UHIPOS.xyz,
QOCGIB.xyz,
KUWCUC.xyz,
SUWCIW.xyz,
FAXROL.xyz,
JUBPOL.xyz,
KAKLIS.xyz,
WINYAW.xyz,
FEPBEJ.xyz,
PONNEL.xyz,
DIDKUX.xyz,
RAGQOI.xyz,
NEWHOP.xyz,
GEFQIT.xyz,
GOJXUZ.xyz,
HUKSAI.xyz,
TZPHDO.xyz,
XUQREH.xyz,
GUHDAP.xyz,
LUTVUU.xyz,
RUTCUE.xyz,
RUVKAW.xyz,
DARYUQ.xyz,
NATDAO.xyz,
NUQKIU.xyz,
TELTEM.xyz,
SUSWUB.xyz,
VEKROU.xyz,
COTLIH.xyz,
EDIQOA.xyz,
EHUDUI.xyz,
UKEFOF.xyz,
VIDXUC.xyz,
FUGMEC.xyz,
XUGPOG.xyz,
UQITEU.xyz,
CIWWOX.xyz,
ZIWHOF.xyz,
ZEYBUA.xyz,
SUFYOJ01.xyz,
LEGLOA.xyz,
KONQEJ.xyz,
TOPRIA.xyz,
SIWBAE.xyz,
QILYUH01.xyz,
XADTEE.xyz,
XEVSUP.xyz,
UTAJEG.xyz,
VUGLIT.xyz,
MUVKOF.xyz,
RUPQOJ.xyz,
MEQGIZ.xyz,
JAVHIX.xyz,
FICMAI.xyz,
VACWUT.xyz,
MAHBII.xyz,
MISQUD.xyz,
VOFDAY.xyz,
ZAWFUB.xyz,
REHKEV.xyz,
QIMJUU.xyz,
IHANUD.xyz,
SIVVUO.xyz,
VOSLEW.xyz,
CEMZAW.xyz,
IROTUG.xyz,
TOTCUD.xyz,
ZUSGAX.xyz,
TAYDAY.xyz,
TIFKEB.xyz,
QESCUN.xyz,
MADTUH.xyz,
PAMNEW.xyz,
CUNDEX.xyz,
PEXZEY.xyz,
EJETOC.xyz,
BIJPIT.xyz,
VUKLAQ.xyz,
QABTIY.xyz,
CEWCAI10.xyz,
RUVWOU.xyz,
XASBOK.xyz,
YAXDAC.xyz,
ZIYKAV.xyz,
TUGYUS.xyz,
GOYGUZ.xyz,
JASYIL.xyz,
OGEDOV.xyz,
HEWMOM.xyz,
DUJKUP.xyz,
ROGKUU.xyz,
JACYAO.xyz,
BOCBIG.xyz,
KENKIZ.xyz,
CINLOD.xyz,
VOBKOM.xyz,
CURCOK.xyz,
BAQHOS02.xyz,
ANOWOR.xyz,
ZUHMAT.xyz,
AFIQEM.xyz,
JOCQEX.xyz,
PASZEO.xyz,
MIDDUZ.xyz,
HUKDIB.xyz,
SUWYIS.xyz,
VAVPEP.xyz,
TAZSIX.xyz,
EQOLAX.xyz,
JASHAN.xyz,
FORKOP.xyz,
ATOQEG.xyz,
EHIXUQ.xyz,
LUPLEN.xyz,
LUMYAV.xyz,
YIRNOC.xyz,
CAQPIW.xyz,
WIRQIA.xyz,
NUNDEF.xyz,
KIPPAA.xyz,
COVBEW.xyz,
MBTZCU.xyz,
VICXUA.xyz,
YICHIC.xyz,
YAMRIQ.xyz,
NIDYEE.xyz,
DIQKAP.xyz,
HOHCAK.xyz,
HUFWUA.xyz,
LIVSUF.xyz,
LOBGOA01.xyz,
PATGEY.xyz,
YAQSER.xyz,
WECKUM.xyz,
BAGRIL.xyz,
WAWJOV.xyz,"- RDKit generation failed (AtomValenceException): Explicit valence for atom # 28 Si, 5, is greater than permitted"
HIZYUK.xyz,"- RDKit generation failed (AtomValenceException): Explicit valence for atom # 2 B, 6, is greater than permitted"
POJRAJ.xyz,
KISCEX.xyz,
SAGLOC.xyz,
EKOGOB.xyz,
AFIKOR.xyz,
XOSZEN.xyz,
HOFBOW.xyz,
CUCHUF.xyz,
JUKFIH.xyz,
UBURUH.xyz,
QAGMUG.xyz,
WEPBAX.xyz,
EROYIU.xyz,
UWUYOC.xyz,
UFIMUU.xyz,
ATIYAF.xyz,
GEBNOQ.xyz,
GAPTOI.xyz,
COPTEJ.xyz,
HAVRIF.xyz,
FOCNAO.xyz,
XOZCEV.xyz,
UFAHUF.xyz,
BOVLIK.xyz,
DCHXCT.xyz,
GAJDIE.xyz,
ZIPBOP.xyz,
XAXRET.xyz,
FIJTID.xyz,
FIZGUS.xyz,
DEKYUN.xyz,
SAFVIG.xyz,
VIWNIA.xyz,
CUZQEV.xyz,
SILCIA.xyz,
DIRGAO.xyz,
YUJCIP.xyz,
RELXUE.xyz,
SAKLUO.xyz,
WUNBOX.xyz,
JEDDUU.xyz,
QEWZUP.xyz,
XAYSOH.xyz,
VIMZOJ.xyz,
CAXHUF.xyz,
VAXLEN.xyz,
TIPHIL.xyz,
ICUTOR02.xyz,
PIJQOP.xyz,
DEVVIK.xyz,
HORTUG.xyz,
QEDWUT.xyz,
ZUHDIS.xyz,
KEHTUN.xyz,
IJULOQ.xyz,
QADVOJ.xyz,
CULBOA.xyz,
APEQAP.xyz,
OVAPAE.xyz,
VIRSUL.xyz,
BIZNEE.xyz,
TOCFEW.xyz,
KAPCAI.xyz,
ZOBTUH.xyz,
HEXZUI.xyz,
MAVSOR.xyz,
CEQROI.xyz,
YEPGOP.xyz,
POSVEZ.xyz,
HIRZOA.xyz,
DABTEG.xyz,
AZBENC01.xyz,
MEZPIT.xyz,
KUXJUI01.xyz,
OHUGUV.xyz,
VURSOT.xyz,
XAKQIJ.xyz,
WEGYIS.xyz,
MUMJUC.xyz,
MIVPEO.xyz,
KUVTIG.xyz,
FEQYIK.xyz,
JATBAC.xyz,
XEYKOB.xyz,
ULUGAL.xyz,
QAPRUX.xyz,
DOMNAW.xyz,
ZAQDAW.xyz,
ALANEH.xyz,
GAJTIU.xyz,
YARQIS.xyz,
KIYYOI.xyz,
YAHBUG.xyz,
ZIFXUH.xyz,"- RDKit generation failed (AtomValenceException): Explicit valence for atom # 0 Si, 5, is greater than permitted"
VOTNIE.xyz,
WIMVOD.xyz,
YOPKIX.xyz,
HINGUI.xyz,
XONKIV.xyz,
MIQVUE.xyz,
TELMOP.xyz,
WAQTIU.xyz,
YABBAH.xyz,
YUWZOI.xyz,
COPHEU.xyz,
QOWPUP.xyz,
VALSOT.xyz,
HINFUH.xyz,
PANDEO.xyz,
SURCEN.xyz,
NIVSIU.xyz,
VACMIX.xyz,
LANZOR.xyz,
JONVAJ.xyz,
IKUJEF.xyz,
NIYWOJ.xyz,
SAYDAA.xyz,
BAYREA.xyz,
KUNCON.xyz,
YAWHUB.xyz,
HOFKET.xyz,
EVILOL.xyz,
BIJBAY.xyz,
ELOZOV.xyz,
ESENOH.xyz,
WIZFAP.xyz,
BOQGEW.xyz,
FAXKOG.xyz,
LEYXOF.xyz,
RUXLOL.xyz,
DAWYUV.xyz,
TEYGAI.xyz,
OXIJAI.xyz,
NUYYIS.xyz,
VIMBAV.xyz,
FEDHEC.xyz,
GUZKET.xyz,
DUDDAI.xyz,
DUTJUY.xyz,
OBEZIH.xyz,
SEMYIS.xyz,
HERPOM.xyz,
DAXLOD01.xyz,"- RDKit-SCOPE comparison failed: - RDKit contains implicit hydrogens (index, element, count): [(0, 'As', 1), (1, 'S', 1)]"
DUYLAL.xyz,
XAPHUU.xyz,
MAMTIF.xyz,
JUYWUY.xyz,
XEQJEL.xyz,
GOCQOH.xyz,
MANHUH.xyz,
PANBIQ.xyz,
FUMTIS.xyz,
LICHOV.xyz,
ELEMEN.xyz,
RESJAB.xyz,
FIDJAE.xyz,
ITAKOF.xyz,
SIGMIH.xyz,
VAZHOU.xyz,
PAWNUY.xyz,
FULCAS.xyz,
PAPFES.xyz,
NIKTOR.xyz,
FUNYAO.xyz,
ZAPGII.xyz,
KOHKAT.xyz,
AYEPAW.xyz,
SICXOR.xyz,
RUXNUU.xyz,
NULBUU.xyz,
DIMSAV.xyz,
HAJBEB.xyz,
XURZUF.xyz,
ETOXES.xyz,
SIXLES.xyz,
XIBLEA.xyz,
VUWTEM.xyz,
PBRPOL.xyz,
DAXFUD.xyz,
JAYFUL.xyz,
TUNPOI.xyz,
FIBBUO.xyz,
GAMWEZ.xyz,
OTEMIK.xyz,
DIXHID.xyz,
XEPGAB.xyz,
WESXAU.xyz,
DUHTOR.xyz,
SOYQAA.xyz,
QARYOA.xyz,
RUZZOE.xyz,
PABXUN.xyz,
ALEXIZ.xyz,
CLPHTL10.xyz,
TEHNAX.xyz,
EFUYUC.xyz,
JURTUL.xyz,
PUPKOA.xyz,
ZIWFET.xyz,
ISOLOT.xyz,
EXETEI.xyz,
LUSZUU.xyz,
NEYCEC.xyz,
JAFBIB.xyz,
EGOQUM.xyz,
CUMPIK.xyz,
VERSOA.xyz,
KEGNOA.xyz,
SITDAB.xyz,
BEHZOF.xyz,
ODUJAY.xyz,
VOYVEK.xyz,
DISCUG.xyz,
KAJQAP.xyz,
GIZBUN.xyz,
MEBQAL.xyz,
UFIYAL.xyz,
BAGCER.xyz,
EFUNAW.xyz,
BETNAQ.xyz,
GAZXOX.xyz,
OKUXUN.xyz,
SOGQEN.xyz,
NIDKAM.xyz,
UJUVIE.xyz,
WEPPUE.xyz,
MVAHIV.xyz,
POYHOC.xyz,
HUGPUV.xyz,
PUKNIU.xyz,
CUHQOO.xyz,
UPOXII.xyz,
CATWEB.xyz,
REGYEJ.xyz,
POHWUH.xyz,
FEZKUR.xyz,
TIHDAQ.xyz,
KUZTUV.xyz,
UKADOB.xyz,
GEXDIW.xyz,
IWAMUO.xyz,
BANHIK.xyz,
NUQVOL.xyz,
ITUZAA.xyz,
KIRSUC.xyz,
WUXGOO.xyz,
OGOJIE.xyz,
LUMQUH.xyz,
KASWIN.xyz,
TIFWOX.xyz,
FUBNIA01.xyz,
GIZQOV.xyz,
BOYVAN.xyz,
CIBMAD.xyz,
JOXWUR.xyz,
FUDJUK.xyz,
ICAPOR.xyz,
ODORUX.xyz,
BUGMUM.xyz,
WUTWIT.xyz,
EVIVIP.xyz,
AJOQUL03.xyz,
PABXOF.xyz,
RARZES.xyz,
VORFOZ.xyz,
DAHDIZ.xyz,
QARZOB01.xyz,
PONDUS.xyz,
SONHIP.xyz,
NIJMOJ.xyz,
FALCAX.xyz,
UGIGEX.xyz,
CAKSIT.xyz,
LOWKOA.xyz,
FOLQIJ.xyz,
FEPQEY.xyz,
YAMMUU.xyz,
MEFNES.xyz,
CADVAE.xyz,
HAKHUY.xyz,
QOVBUY.xyz,
QIJGEV.xyz,
MEQBUG.xyz,
PIXXUR.xyz,
BAPXEX.xyz,
VENQUA01.xyz,
WOWTOU.xyz,
AQEJAJ.xyz,
HTESBZ.xyz,
QEGCOU.xyz,
EXIYUG.xyz,
GERQUS.xyz,
EFARIO.xyz,
AVAGUZ.xyz,
KERPIH.xyz,
RERZIY.xyz,
BUNZUH.xyz,
INANAN.xyz,
GIJXUU.xyz,
WAJBAL.xyz,
AYAYUV.xyz,
IYIXOD.xyz,
JEVBAQ.xyz,
DUNFEZ.xyz,
YIXQII.xyz,
FOLBUE.xyz,
FEJKOV.xyz,
TUFJEL.xyz,
WUFJUF.xyz,
TENSAJ.xyz,
PELLEZ.xyz,
AJEYIA.xyz,
AYOTUE.xyz,
XEHDAP.xyz,
EQOVUC.xyz,
KUXGAM.xyz,
YAPMEH.xyz,
OFAFIN.xyz,
FIHNUG.xyz,
BOQXOW.xyz,
ZAMQAF.xyz,
EROVEN.xyz,
PERXUI.xyz,
ZUKKOF.xyz,
ETUWOF.xyz,
HXBPIN.xyz,
ALOPIB.xyz,
DEKWUN.xyz,
JOZQAS.xyz,
NEKDEP.xyz,
QABMUE.xyz,
LOBFIT.xyz,
HEZJUS.xyz,
GOTXIY.xyz,
MKMPIN.xyz,
PIFYUB.xyz,
YIKVAR.xyz,
WUDXOJ.xyz,
CIFKEI.xyz,
KUTPUL.xyz,
JUXHOZ.xyz,
YODPOX.xyz,
QEYLOY.xyz,
SECZIK.xyz,
INIVAE.xyz,
FAKSUF.xyz,
OCAWUN.xyz,
QUMTUP.xyz,
TEGDAK.xyz,
RIBGIV.xyz,
GEHVUN.xyz,
NAMSOL.xyz,
SIFRAB.xyz,
IFUYIT.xyz,
IKOXAJ.xyz,
YUKVOP.xyz,
LINBES.xyz,
LIQPEH.xyz,
MOKQAF.xyz,
FOHMEV.xyz,
ANODAJ.xyz,
YAFLIA.xyz,
YEYMEW.xyz,
CILVEA.xyz,
METCYT01.xyz,
EKILUH.xyz,
FIZXAP.xyz,
CABZEK.xyz,
LEVSAG.xyz,
ABIHOI.xyz,
WUNYAG.xyz,
XALNIH.xyz,
CEZBOY.xyz,
SUNXIK.xyz,
TUNVUT.xyz,
CICQUD.xyz,
ZEWQEX.xyz,
TAPMIH.xyz,
SASXOC.xyz,
REVMOX.xyz,
DEKMEM.xyz,
SIGKUO.xyz,
LILMEZ.xyz,
WAKGUL.xyz,
YEGKIE.xyz,
AXEKET.xyz,
LOGPUT.xyz,
XAVNEN.xyz,
OVEVOC.xyz,
LEVLAA.xyz,
ZUHSUR.xyz,
OBOLUP.xyz,
SICYUY.xyz,
LIZTAQ.xyz,
KANRIB.xyz,
ZEWYAD.xyz,
CAZRIF.xyz,
VOSLAS.xyz,
TEBCEL.xyz,
TAGCOT.xyz,
WOQFUE.xyz,
JAJTAS.xyz,
ESOHIF.xyz,
NAHJUE.xyz,
YUBGEK.xyz,
MAPHEQ.xyz,
GIHJUF.xyz,
HIKLUI.xyz,
HIGJIR.xyz,
EMOCOY.xyz,
LUKKAD01.xyz,
LOLGEB.xyz,
WOPMOG.xyz,
JOTNAH.xyz,
NUVHUH.xyz,
HUMROX.xyz,
WULTUU.xyz,
BTTCDO10.xyz,
JUPRET.xyz,
EFAYER.xyz,"- RDKit-SCOPE comparison failed: - Different molecular charge: RDKit=2, SCOPE=0"
EDIHAD.xyz,
GITFIZ.xyz,
FUFXUB.xyz,
YIZVOS.xyz,
PUVCIU.xyz,
VEJTUC.xyz,
DASRIY.xyz,
BABFEP.xyz,
HEHKUA.xyz,
MEQLEC.xyz,
KONLIK.xyz,
MURCUX02.xyz,
JOWHAH.xyz,
XEPRUG.xyz,
SOLXIB.xyz,
KIBDIL.xyz,
KIWBOJ.xyz,
FUGKIB.xyz,
NULVEW.xyz,
EVIBIV.xyz,
KAWDIV.xyz,
EPMVIN.xyz,
DOGTIC.xyz,
TELKUT.xyz,
OMOTEP.xyz,
PIRBEX.xyz,
TOLBIH.xyz,
AMISOF.xyz,
QOHSIR.xyz,
VULSAZ.xyz,
VOFPEO.xyz,
FABFIA.xyz,
RUCZOG.xyz,
KIFTIF.xyz,
TAPREJ.xyz,
QATKUS.xyz,
MEKVII.xyz,
TOKMOW.xyz,
MUQPOG.xyz,
TUMYOS.xyz,
JIWSIU.xyz,
POXQIC.xyz,
POCHUM.xyz,
CEGKOO.xyz,
UDEDOY.xyz,
YUSQOV.xyz,
XENXUM.xyz,
LUFCAQ.xyz,
VEGZUF.xyz,
SAHXIK.xyz,
YIHFOL.xyz,
UVEDAC.xyz,
KICZAA.xyz,
GAGJII.xyz,"- RDKit generation failed (AtomValenceException): Explicit valence for atom # 54 Si, 5, is greater than permitted"
BOHDEK.xyz,
EDUWIL.xyz,
LIQZES.xyz,
NILJAV.xyz,
YIMPOB.xyz,
BUJGIY.xyz,
SUCXEV.xyz,
DUMQOT.xyz,
SALJOH.xyz,
MAPGEQ.xyz,
MONNEJ.xyz,
QUCXMA11.xyz,
GUSPAN.xyz,
NATMUT.xyz,
GEYYER.xyz,
AFANIE.xyz,
FOWFAY.xyz,
XETXOL.xyz,
BOGTIB.xyz,
WURZER.xyz,
CUKQAB.xyz,
GIBSUF.xyz,
DERWIJ.xyz,
MARITD.xyz,
AMACMF.xyz,
VEVDAC.xyz,
DAHCUN.xyz,
CIPRIE.xyz,
HUTVAW.xyz,
UNOXIF.xyz,
KOJSIM.xyz,
MUSPEX.xyz,
HYESTO.xyz,
IDODEL.xyz,
DUTSOD.xyz,
ICEPEO.xyz,
JUSTUO.xyz,
TAYNOZ.xyz,
ZOBXIA.xyz,
WONMUI.xyz,
RAWNOU.xyz,
LATYUA.xyz,
HUMWAO.xyz,
MEXXUL.xyz,
GOLYUE.xyz,
DOLSOP.xyz,
ROHJIJ.xyz,
DAJJOP.xyz,
VENTIU.xyz,
XIGCEY.xyz,
ZIVLIB.xyz,
HOLHUL.xyz,
CECGIC.xyz,
UXISEA.xyz,
IRANOF.xyz,
GOGTUU.xyz,
LIYZAV.xyz,
FIGGAF.xyz,
XUZXUL.xyz,
WOCLOR.xyz,
HULXOD.xyz,
IRUPAO.xyz,
GOYZUP.xyz,
ELUHAV.xyz,
NESCAQ.xyz,
HIVKIH.xyz,
VOQKAO.xyz,
RESRUE.xyz,
FUNDOI.xyz,
PEQHEA.xyz,
AKUFUJ.xyz,
RIFNAY.xyz,
FUDKEW.xyz,
KOLCUM.xyz,
ZELVOB.xyz,
IKAYIE.xyz,
DUBHEN.xyz,
TIHPIL.xyz,
MTETAC02.xyz,
QUZXAN.xyz,
FITWEK.xyz,
SEPPIP.xyz,
BEFLAC.xyz,
MEWVUH.xyz,
UMIJAB.xyz,
TEWRUL.xyz,
YAHGIA.xyz,
SABLOY.xyz,
DISMOI.xyz,
XEQFEE.xyz,
FACVAJ.xyz,
RIRYOH.xyz,
CUFHUH.xyz,
PEZNAL.xyz,
YUWPEL.xyz,
LILNAV.xyz,
HAKYUP.xyz,
COGVEB.xyz,
XAZQUM.xyz,
WEGZAL.xyz,
WUHMOB.xyz,
KEPDAL.xyz,
QANHIZ.xyz,
AXELUP.xyz,
HIRBIV.xyz,
DUMLEC.xyz,
DUHMOK.xyz,
IPEKUL.xyz,
XOZWER.xyz,
LUDJEZ.xyz,
XEBLIZ.xyz,
AFIFOM.xyz,
FULSOU.xyz,
WOQHOB.xyz,
ZUHKIW.xyz,
NAJLUI.xyz,
MODXIN.xyz,
LAGXIB.xyz,
GEZCET.xyz,
ABUKOX.xyz,
YAHBEO.xyz,
ATETEA.xyz,
NABREN.xyz,
QUZFUN.xyz,
YEZGAO.xyz,
WAHLIA.xyz,
MEYYAS.xyz,
MUJSUH.xyz,
XISNIZ.xyz,
DASFAE.xyz,
PESNAC.xyz,
VAGYAD10.xyz,
ZOKJIV.xyz,
ATUKEH.xyz,
REFMEU.xyz,
GARGUD.xyz,
EDEGEA.xyz,
TOVFER.xyz,
BENMOZ.xyz,
TMTURS.xyz,
QAMQAW.xyz,
BIXZIR10.xyz,
PEXXEV.xyz,
IWIGIF.xyz,
EVODEZ.xyz,
YIYPUU.xyz,
BAPYOG.xyz,
LUDTOW.xyz,
JOWWUN.xyz,
JIVNEK.xyz,
XUMCOA.xyz,
UYUZEU.xyz,
GUHBES.xyz,
SOLLAH.xyz,
ABULEO.xyz,
TEKSEH.xyz,
MENHOD.xyz,
YOZFUR.xyz,
RUJNOA.xyz,
IDOGEN.xyz,
ECOMAL.xyz,
HIFZOL.xyz,
MOXCUZ.xyz,
SIKRUA.xyz,
YALRUB.xyz,
XECBOY.xyz,
FOSPEI.xyz,
WOZHEA.xyz,
TAWLUA.xyz,
FEFDIE.xyz,
JODKIY.xyz,
UDUDAZ.xyz,
UNIHAA.xyz,
RADROE.xyz,
WAFGOB.xyz,
FUBLAQ.xyz,
PAWPOU.xyz,
YUJSII.xyz,
UPULAU.xyz,
YERWAU.xyz,
GUTMAK.xyz,
IGAQAL.xyz,
NEZLIQ.xyz,
VEMHIH.xyz,
KABGEC.xyz,
MOCTOO.xyz,
WOPSUS.xyz,
IFORIG.xyz,
IFABEZ.xyz,
CEQCAD.xyz,
TURBIR.xyz,
FUNZIY.xyz,
LECDIG.xyz,
TIZXIK.xyz,
XUJMEV.xyz,
ACIROU.xyz,
MAHXEB.xyz,
ZEFPEI.xyz,
IQUBZB.xyz,
HACJOK.xyz,
MIYCEC.xyz,
NONQUD.xyz,
NEXJEI.xyz,
EKOPEZ.xyz,
LUBNEB.xyz,
HEVXOV.xyz,
IFALOT.xyz,
KASSUS.xyz,
MEPIPA10.xyz,
ACIQEI.xyz,
XATBOL.xyz,
MOZYAC.xyz,
WIHFEA.xyz,
COLBAG.xyz,
DADDER03.xyz,
GULXAP.xyz,
QEXDEF.xyz,
TIMDOI.xyz,
NAKHEP.xyz,
UGEDIV.xyz,
WAVSAO.xyz,
AYOZUK.xyz,
YOTTOT.xyz,
LAGLUA.xyz,
JOVNIU.xyz,
IBURUV.xyz,
SOMPUF.xyz,
AWAQOG.xyz,
XEKLAB.xyz,
QAVXIX.xyz,
WUXKEF.xyz,
TACHOU.xyz,
FAVMUK.xyz,
KUMVAS.xyz,
AFUTIH.xyz,
PIQCEZ.xyz,
TUTVEK.xyz,
OBEQOD.xyz,
SUFJAG.xyz,
VEJTUZ.xyz,
TEQYUL.xyz,
THXMAM22.xyz,
INEKER.xyz,
TEFMUO.xyz,
ACBZPO01.xyz,
KABFID.xyz,
KILREE.xyz,
NEPDIW.xyz,
BATRUK.xyz,
NUKSAN.xyz,
XEVBIM.xyz,
PEYPOZ.xyz,
QOPJUB.xyz,
TOBXEN.xyz,
LUQZOO.xyz,
ZAHGEX.xyz,
PEXVUJ.xyz,
SETWUK.xyz,
GUVZIJ.xyz,
LUPYOM.xyz,
