cell_path,molecule_index_1,molecule_index_2,formula,number_of_atoms,iscomplex,scope_time_s,rdkit_bondless_time_s,rdkit_bonded_time_s,scope_rmsd_angstrom,rdkit_bondless_rmsd_angstrom,rdkit_bonded_rmsd_angstrom,scope_max_atom_distance_angstrom,rdkit_bondless_max_atom_distance_angstrom,rdkit_bonded_max_atom_distance_angstrom,scope_max_atom_index,rdkit_bondless_max_mobile_atom_index,rdkit_bondless_max_reference_atom_index,rdkit_bonded_max_mobile_atom_index,rdkit_bonded_max_reference_atom_index,scope_rdkit_bondless_rmsd_difference_angstrom,scope_rdkit_bondless_rmsd_difference_percent,scope_rdkit_bonded_rmsd_difference_angstrom,scope_rdkit_bonded_rmsd_difference_percent,faster_method_scope_vs_rdkit_bondless,faster_method_scope_vs_rdkit_bonded,lower_rmsd_method_scope_vs_rdkit_bondless,lower_rmsd_method_scope_vs_rdkit_bonded,lower_max_distance_method_scope_vs_rdkit_bondless,lower_max_distance_method_scope_vs_rdkit_bonded
1-Iron/Cell_CERZII.gmol,0,1,H20-B-C24,45,False,0.48672883299877867,2.2023237499997776,0.0010782909994304646,0.3826334884294955,3.1512084926844204,0.3826334884327872,0.807280505609544,7.4240836795026715,0.807279152950552,5,30,30,43,5,2.7685750042549246,156.68923619398686,3.2917002457111266e-12,0.0,SCOPE,RDKit with bonds,SCOPE,Equal,SCOPE,Equal
1-Iron/Cell_CERZII.gmol,2,3,H38-C30-N8-O4-Fe,81,True,0.1336581670002488,2.9249902079991443,2.748139125000307,1.7340632147459614,4.193660197836976,1.7340632147459438,4.50075924871433,10.897698858812603,4.500759248714327,39,67,68,41,39,2.4595969830910143,82.9862263097486,1.7541523789077473e-14,0.0,SCOPE,SCOPE,SCOPE,Equal,SCOPE,Equal
8-Copper/Cell_NESCUK.gmol,4,5,H35-C28-N6-O4-Cl2-Cu,76,True,0.12784383300095215,2.6032329999998183,0.4629224169984809,2.461015703127117,4.311773654024995,2.461015703127132,5.82203446704035,10.53834391042608,5.822034467040348,58,43,41,38,58,1.8507579508978775,54.652753933457696,1.4654943925052066e-14,0.0,SCOPE,SCOPE,SCOPE,Equal,SCOPE,Equal
8-Copper/Cell_NESCUK.gmol,4,6,H35-C28-N6-O4-Cl2-Cu,76,True,0.13024645800032886,2.6781850829993346,0.45928416599963384,2.461008759212669,3.397712371882965,2.46100875921262,5.822026876039803,8.307619075973815,5.822026876039792,58,34,34,58,58,0.9367036126702963,31.976385006573075,4.884981308350689e-14,0.0,SCOPE,SCOPE,SCOPE,Equal,SCOPE,Equal
8-Copper/Cell_NESCUK.gmol,4,7,H35-C28-N6-O4-Cl2-Cu,76,True,0.12717733299905376,2.4473605410003074,0.41585549999945215,0.00010951916810583812,5.0549301149583235,0.00010951814760309171,0.0009403234732796818,10.84841773105857,0.0009403234734946179,41,37,40,47,41,5.0548205957902175,199.99133386275616,1.0205027464076696e-09,0.0,SCOPE,SCOPE,SCOPE,Equal,SCOPE,Equal
8-Copper/Cell_NESCUK.gmol,5,6,H35-C28-N6-O4-Cl2-Cu,76,True,0.1298819169987837,2.4774247910008853,0.47330083399901923,0.00010951505809177205,3.826862587861037,0.00010951443236393644,0.0009402887144775495,11.15788263168874,0.0009402887146896875,62,57,59,41,62,3.826753072802945,199.9885533465992,6.257278356076217e-10,0.0,SCOPE,SCOPE,SCOPE,Equal,SCOPE,Equal
8-Copper/Cell_NESCUK.gmol,5,7,H35-C28-N6-O4-Cl2-Cu,76,True,0.12929450000046927,2.512515999998868,0.4141035419997934,2.4610087590611323,5.179257887040578,2.4610087590610705,5.822026896427081,9.891919948106587,5.822026896427092,38,63,56,38,38,2.7182491279794454,71.15587070161685,6.17284001691587e-14,0.0,SCOPE,SCOPE,SCOPE,Equal,SCOPE,Equal
8-Copper/Cell_NESCUK.gmol,6,7,H35-C28-N6-O4-Cl2-Cu,76,True,0.12757833400064555,2.5052832500005024,0.41138812499957567,2.4610018151589945,5.184813414035192,2.461001815158903,5.822019305378956,11.587924096814406,5.822019305378915,58,45,44,38,58,2.7238115988761975,71.24973641727064,9.14823772291129e-14,0.0,SCOPE,SCOPE,SCOPE,Equal,SCOPE,Equal
8-Copper/Cell_DIFGUW.gmol,2,3,H30-C38-N4-O4-Cu,77,True,0.07193766700038395,2.4137540419997094,0.00023133399918151554,3.1889532527856654,4.9063640084658084,3.188953252785654,7.384712413831709,12.982087246203408,7.384712417810003,69,67,70,71,44,1.717410755680143,42.429733147102,1.1546319456101628e-14,0.0,SCOPE,RDKit with bonds,SCOPE,Equal,SCOPE,Equal
7-Nickel/Cell_POMHIJ.gmol,0,1,H6-C7-O2,15,False,0.002395542000158457,1.2848947919992497,7.65409986343002e-05,0.09769614507449159,0.09769614507536664,0.09769614507536664,0.2583841444822629,0.2583841444822659,0.2583841444822659,1,1,1,1,1,8.750500324339328e-13,0.0,8.750500324339328e-13,0.0,SCOPE,RDKit with bonds,Equal,Equal,Equal,Equal
7-Nickel/Cell_POMHIJ.gmol,0,6,H6-C7-O2,15,False,0.002388832999713486,1.3432625829991593,8.216700007324107e-05,0.09769613170260466,0.09769613170300077,0.09769613170300077,0.25838413795930354,0.25838413795927845,0.25838413795927845,1,1,1,1,1,3.9611369739844804e-13,0.0,3.9611369739844804e-13,0.0,SCOPE,RDKit with bonds,Equal,Equal,Equal,Equal
7-Nickel/Cell_POMHIJ.gmol,0,7,H6-C7-O2,15,False,0.002312791000804282,1.2940032499991503,6.9874999098829e-05,5.8930982189542125e-08,8.705815593483704e-08,8.705815593483704e-08,9.907716442526681e-08,9.907716436779353e-08,9.907716436779353e-08,5,11,5,11,5,2.812717374529491e-08,0.0,2.812717374529491e-08,0.0,SCOPE,RDKit with bonds,Equal,Equal,Equal,Equal
7-Nickel/Cell_POMHIJ.gmol,1,6,H6-C7-O2,15,False,0.0022979999994277023,1.2728657079987897,7.012500100245234e-05,6.785503061862359e-08,0.0,0.0,9.474592412737037e-08,9.474590452669025e-08,9.474590452669025e-08,0,0,0,0,0,6.785503061862359e-08,0.0,6.785503061862359e-08,0.0,SCOPE,RDKit with bonds,Equal,Equal,Equal,Equal
7-Nickel/Cell_POMHIJ.gmol,1,7,H6-C7-O2,15,False,0.0022860000008222414,1.3591679170003772,7.379199996648822e-05,0.09769612853679678,0.09769612853597351,0.09769612853597351,0.25838410701048214,0.25838410701048375,0.25838410701048375,1,1,1,1,1,8.23272006122977e-13,0.0,8.23272006122977e-13,0.0,SCOPE,RDKit with bonds,Equal,Equal,Equal,Equal
7-Nickel/Cell_POMHIJ.gmol,6,7,H6-C7-O2,15,False,0.002160084000934148,1.2989341669999703,7.337500028370414e-05,0.09769611516492818,0.09769611516484664,0.09769611516484664,0.25838410048752253,0.2583841004875327,0.2583841004875327,1,1,1,1,1,8.154588115871775e-14,0.0,8.154588115871775e-14,0.0,SCOPE,RDKit with bonds,Equal,Equal,Equal,Equal
7-Nickel/Cell_POMHIJ.gmol,8,9,H41-C23-N4-O2-Ni,71,True,0.06371604199921421,2.3796685420002177,2.6670254999989993,3.542026516321318,3.274754121148443,3.554438088741943,7.2781173628925915,6.90631237439042,7.152458279301504,64,33,33,65,64,0.26727239517287504,7.84160175857091,0.01241157242062485,0.3497959367476957,SCOPE,SCOPE,RDKit without bonds,SCOPE,RDKit without bonds,RDKit with bonds
7-Nickel/Cell_POMHIJ.gmol,8,10,H41-C23-N4-O2-Ni,71,True,0.06540879100066377,2.3209918329994252,2.873638999999457,3.5420265100722004,5.13692549673438,3.5726435668567,7.278117328082726,9.720028865450194,7.197878026214664,64,35,36,58,64,1.5948989866621792,36.753262039272926,0.030617056784499663,0.8606739723260854,SCOPE,SCOPE,SCOPE,SCOPE,SCOPE,RDKit with bonds
7-Nickel/Cell_POMHIJ.gmol,8,11,H41-C23-N4-O2-Ni,71,True,0.06643666700074391,2.348995542000921,2.9376795000007405,6.347557946030822e-08,5.1102907808702085,1.1254413009826125,1.0029400843324941e-07,9.002588926133951,3.8323191812581254,33,51,54,19,15,5.110290717394629,199.9999950315486,1.125441237507033,199.999977439756,SCOPE,SCOPE,SCOPE,SCOPE,SCOPE,SCOPE
7-Nickel/Cell_POMHIJ.gmol,9,10,H41-C23-N4-O2-Ni,71,True,0.06543662500007486,2.3574627500001952,2.9032812920013384,6.839514304151037e-08,5.119910934102426,1.1254413038296858,8.865364701042139e-08,8.771678223952907,3.832319146159473,33,58,61,19,15,5.119910865707283,199.9999946565366,1.1254412354345427,199.99997569126396,SCOPE,SCOPE,SCOPE,SCOPE,SCOPE,SCOPE
7-Nickel/Cell_POMHIJ.gmol,9,11,H41-C23-N4-O2-Ni,71,True,0.0655593339997722,2.333551083000202,2.8702117079992604,3.5420265100840997,5.136925498510974,3.572643567124818,7.278117320595841,9.720028906188363,7.197877988748199,65,35,36,58,65,1.5948989884268738,36.75326207236516,0.030617057040718265,0.8606739794947548,SCOPE,SCOPE,SCOPE,SCOPE,SCOPE,RDKit with bonds
7-Nickel/Cell_POMHIJ.gmol,10,11,H41-C23-N4-O2-Ni,71,True,0.06367595799929404,2.3565184580002096,2.7369406249999884,3.5420265038349816,3.4572818477208953,3.5477234919177585,7.278117285785972,7.1786210989190975,7.250012965613323,66,58,58,66,66,0.08474465611408633,2.4215151514291673,0.005696988082776855,0.1607105493477133,SCOPE,SCOPE,RDKit without bonds,SCOPE,RDKit without bonds,RDKit with bonds
1-Iron/Cell_YOZYES.gmol,0,1,H38-C22-N-P3-Fe,65,True,1.2615470840009948,2.2208754169987515,2.6257302920002985,0.6733066284562857,3.838768986305349,4.060373354149797,2.322778111262378,8.314798369537906,7.862848395883029,39,39,39,64,64,3.165462357849063,140.3106963674539,3.387066725693511,143.1050150470372,SCOPE,SCOPE,SCOPE,SCOPE,SCOPE,SCOPE
8-Copper/Cell_GORQIN.gmol,0,5,H20-B-C24,45,False,0.3455032919991936,1.9022592080000322,0.0010567919998720754,3.1617432997294457e-15,3.550049846329098,5.31934119246213e-07,7.32410687763558e-15,6.189979344685116,2.216111949578938e-14,44,15,15,42,24,3.550049846329095,199.99999999999966,5.319341160844698e-07,0.0,SCOPE,RDKit with bonds,SCOPE,Equal,SCOPE,Equal
8-Copper/Cell_GORQIN.gmol,0,6,H20-B-C24,45,False,0.3854785000003176,1.9152666660011164,0.0011484580008982448,2.2605454301115765e-15,3.9610499219026876,0.0,4.070144838902081e-15,6.566560420172575,1.778575899402738e-14,8,8,8,25,40,3.9610499219026853,199.99999999999977,2.2605454301115765e-15,0.0,SCOPE,RDKit with bonds,SCOPE,Equal,SCOPE,Equal
8-Copper/Cell_GORQIN.gmol,0,7,H20-B-C24,45,False,0.3797687499991298,1.8848840419996122,0.001254834000064875,1.9492767958436636e-15,3.142662498233674,9.430184030018696e-07,3.972054645195637e-15,7.552587637888089,2.75764738977458e-14,44,41,36,44,43,3.142662498233672,199.99999999999977,9.430184010525928e-07,0.0,SCOPE,RDKit with bonds,SCOPE,Equal,SCOPE,Equal
8-Copper/Cell_GORQIN.gmol,1,2,H19-C8-N4-O2-Cu,34,True,0.010556541999903857,1.8012603749994014,0.00270420800006832,1.6859951410423817e-08,1.1467678303654474,4.906613878512636e-07,9.664776338413808e-08,3.240284734122746,9.664775983916767e-08,0,22,23,0,0,1.146767813505496,199.9999941191405,4.7380143644083977e-07,0.0,SCOPE,RDKit with bonds,SCOPE,Equal,SCOPE,Equal
8-Copper/Cell_GORQIN.gmol,1,3,H19-C8-N4-O2-Cu,34,True,0.010421208000479965,1.7354458329991758,0.0028138329998910194,3.8474332831849065e-15,5.424465742058954e-07,5.424465742058954e-07,6.646518689688359e-15,3.650186391019353e-14,3.650186391019353e-14,25,29,2,29,2,5.424465703584622e-07,0.0,5.424465703584622e-07,0.0,SCOPE,RDKit with bonds,Equal,Equal,Equal,Equal
8-Copper/Cell_GORQIN.gmol,1,4,H19-C8-N4-O2-Cu,34,True,0.010750041999926907,1.726034167000762,0.002949791998617002,3.668383700135151e-15,1.1467678301081234,6.542151838016847e-07,5.891509130072236e-15,3.240285029818722,4.8688058291424405e-14,2,21,23,31,30,1.1467678301081197,199.99999999999866,6.542151801333011e-07,0.0,SCOPE,RDKit with bonds,SCOPE,Equal,SCOPE,Equal
8-Copper/Cell_GORQIN.gmol,2,3,H19-C8-N4-O2-Cu,34,True,0.01016774999879999,1.7623960830005672,0.0030674999998154817,1.6859951459172475e-08,1.146767830365809,2.8328348435688237e-07,9.664776427033734e-08,3.2402850297392467,9.664738425650876e-08,0,21,22,0,0,1.1467678135058577,199.99999411914052,2.664235328977099e-07,0.0,SCOPE,RDKit with bonds,SCOPE,Equal,SCOPE,Equal
8-Copper/Cell_GORQIN.gmol,2,4,H19-C8-N4-O2-Cu,34,True,0.041006958001162275,1.7357876659989415,0.0028772910009138286,1.6859951498019094e-08,3.271075919008424e-07,3.271075919008424e-07,9.664776427218571e-08,9.664778291824631e-08,9.664778291824631e-08,0,0,0,0,0,3.102476404028233e-07,0.0,3.102476404028233e-07,0.0,SCOPE,RDKit with bonds,Equal,Equal,Equal,Equal
8-Copper/Cell_GORQIN.gmol,3,4,H19-C8-N4-O2-Cu,34,True,0.009953917000530055,1.713373500000671,0.002779958000246552,3.4930276288170695e-15,1.1467678301074702,0.0,5.043883840194739e-15,3.2402847342022465,2.6422375009082652e-14,27,21,21,29,29,1.1467678301074666,199.99999999999875,3.4930276288170695e-15,0.0,SCOPE,RDKit with bonds,SCOPE,Equal,SCOPE,Equal
8-Copper/Cell_GORQIN.gmol,5,6,H20-B-C24,45,False,0.38008916699982365,1.9848934170004213,0.0011774169997806894,1.8081455129725147e-15,3.3501326415504438,0.0,3.66205343881779e-15,6.897640305836489,2.021947487277524e-14,32,20,20,35,42,3.350132641550442,199.9999999999998,1.8081455129725147e-15,0.0,SCOPE,RDKit with bonds,SCOPE,Equal,SCOPE,Equal
8-Copper/Cell_GORQIN.gmol,5,7,H20-B-C24,45,False,0.37153616700015846,1.911238874999981,0.001217582999743172,1.7965956335606815e-15,3.8842829237373904,4.924752993529531e-07,2.808666774861361e-15,9.345996251228554,5.1514348342607263e-14,18,30,25,30,24,3.8842829237373886,199.99999999999983,4.924752975563575e-07,0.0,SCOPE,RDKit with bonds,SCOPE,Equal,SCOPE,Equal
8-Copper/Cell_GORQIN.gmol,6,7,H20-B-C24,45,False,0.37123658299969975,1.9561106669989385,0.0012165829994046362,1.7519023829470347e-15,3.7211841745572602,0.0,3.66205343881779e-15,7.3492287574040835,1.854570987253821e-14,40,8,8,30,43,3.7211841745572585,199.99999999999983,1.7519023829470347e-15,0.0,SCOPE,RDKit with bonds,SCOPE,Equal,SCOPE,Equal
1-Iron/Cell_EYEYUC.gmol,0,1,H40-C46-P2-Fe,89,True,0.2807007920000615,2.661825791999945,0.5034867090016633,2.722251277313675,4.030943641171352,2.7222512773137555,5.317053685496185,9.468907940406563,5.317053685496111,50,50,50,73,50,1.308692363857677,38.757725185022835,8.038014698286133e-14,0.0,SCOPE,SCOPE,SCOPE,Equal,SCOPE,Equal
1-Iron/Cell_EYEYUC.gmol,0,2,H40-C46-P2-Fe,89,True,0.2702622920005524,2.5970847499993397,0.4654382089993305,2.722254387298557,4.643268885796281,2.7222543872985714,5.317048921554804,11.827664822707508,5.317048890496041,50,37,42,56,50,1.9210144984977235,52.162335988127396,1.4210854715202004e-14,0.0,SCOPE,SCOPE,SCOPE,Equal,SCOPE,Equal
1-Iron/Cell_EYEYUC.gmol,0,3,H40-C46-P2-Fe,89,True,0.2676793340015138,2.5121552500004327,0.6089655420000781,7.029180364913336e-05,3.950414536005015,7.029158278338438e-05,0.00048522957572030904,11.709558703532956,0.0004852295763819602,87,60,65,84,87,3.9503442442013657,199.99288271625252,2.2086574897554195e-10,0.0,SCOPE,SCOPE,SCOPE,Equal,SCOPE,Equal
1-Iron/Cell_EYEYUC.gmol,1,2,H40-C46-P2-Fe,89,True,0.27162191700153926,2.6899702080008865,0.46853695800018613,4.711154773392307e-05,5.050846006552671,4.710543297038797e-05,0.00043985531686669386,10.280066212197477,0.0004398553172116402,6,37,42,6,6,5.050798895004937,199.99626905209573,6.1147635351004774e-09,0.0,SCOPE,SCOPE,SCOPE,Equal,SCOPE,Equal
1-Iron/Cell_EYEYUC.gmol,1,3,H40-C46-P2-Fe,89,True,0.26352475000021514,2.4898872499998106,0.6037587920000078,2.7222624851575494,4.872257424698399,2.7222624851575272,5.31703736676439,10.7296815775909,5.317037335708612,73,52,62,56,73,2.14999493954085,56.61964061087386,2.220446049250313e-14,0.0,SCOPE,SCOPE,SCOPE,Equal,SCOPE,Equal
1-Iron/Cell_EYEYUC.gmol,2,3,H40-C46-P2-Fe,89,True,0.2577624999994441,2.4749230420002277,0.6252614999993966,2.7222655951403913,3.4343347111281584,2.7222655951404175,5.317032609833325,7.5002081482982605,5.317032609833314,76,59,62,79,76,0.712069115987767,23.13189359597536,2.6201263381153694e-14,0.0,SCOPE,SCOPE,SCOPE,Equal,SCOPE,Equal
7-Nickel/Cell_RIRCIH.gmol,15,17,H32-C12-N4-O-Ni,50,True,0.0560431250014517,2.0751621250001335,1.9920482079996873,0.6220092924655016,2.805086319450207,3.108590760466545,1.8951036564801202,5.883613216195395,6.027148868162458,26,30,30,13,13,2.183077026984705,127.40099922478609,2.4865814680010434,133.3073196118532,SCOPE,SCOPE,SCOPE,SCOPE,SCOPE,SCOPE
7-Nickel/Cell_RIRCIH.gmol,15,18,H32-C12-N4-O-Ni,50,True,0.0587022910003725,2.2019489590002195,2.1667029580003145,0.6219925526147239,3.1990873345741186,3.108610450867095,1.8951102276364125,6.473815298786083,6.027220779127513,26,37,34,45,13,2.577094781959395,134.88829640017582,2.486617898252371,133.3091672274739,SCOPE,SCOPE,SCOPE,SCOPE,SCOPE,SCOPE
7-Nickel/Cell_RIRCIH.gmol,15,19,H32-C12-N4-O-Ni,50,True,0.05117137500019453,1.9478976250011328,2.0927547500014043,0.6219925526147237,3.30348929170972,3.1086104508670904,1.8951102276364127,6.065971197795794,6.027220779130477,27,29,27,19,13,2.681496739094996,136.62000464844684,2.4866178982523666,133.30916722747384,SCOPE,SCOPE,SCOPE,SCOPE,SCOPE,SCOPE
7-Nickel/Cell_RIRCIH.gmol,15,20,H32-C12-N4-O-Ni,50,True,0.05185683300078381,2.045074042000124,2.1634651250005845,1.6781637082355857e-15,3.2268253127303517,2.697398304697218e-07,4.070144838902081e-15,6.557265852619591,7.908280000475566e-14,46,11,10,46,23,3.22682531273035,199.9999999999998,2.697398287915581e-07,0.0,SCOPE,SCOPE,SCOPE,Equal,SCOPE,Equal
7-Nickel/Cell_RIRCIH.gmol,15,21,H32-C12-N4-O-Ni,50,True,0.060064666999096517,2.1503110419998848,2.2417736669995065,0.0001776833053418335,3.30925085333865,0.0001776834739414499,0.0012204801326300275,6.867225256362065,0.0012204801326397903,8,24,23,8,8,3.309073170033308,199.9785239894593,1.6859961639152134e-10,0.0,SCOPE,SCOPE,SCOPE,Equal,SCOPE,Equal
7-Nickel/Cell_RIRCIH.gmol,15,22,H32-C12-N4-O-Ni,50,True,0.05234475000179373,2.0269925000011426,2.118246416999682,0.6220092924655016,3.5686013094331317,3.108590760466486,1.895103656480121,6.948773854229191,6.027148868830256,26,24,24,49,13,2.94659201696763,140.62829009369764,2.486581468000985,133.30731961185214,SCOPE,SCOPE,SCOPE,SCOPE,SCOPE,SCOPE
7-Nickel/Cell_RIRCIH.gmol,15,23,H32-C12-N4-O-Ni,50,True,0.05222637499900884,2.028907750000144,2.0911748340004124,1.6512118288306083e-15,3.757870125784071,0.0,3.9968028886505635e-15,6.606955336986555,2.780438251636946e-14,48,16,16,33,23,3.7578701257840694,199.9999999999998,1.6512118288306083e-15,0.0,SCOPE,SCOPE,SCOPE,Equal,SCOPE,Equal
7-Nickel/Cell_RIRCIH.gmol,17,18,H32-C12-N4-O-Ni,50,True,0.06083970899999258,2.074303040999439,2.1862133750000794,0.00017768330534159788,3.30922434324516,0.00017768280851922463,0.0012204801326289709,6.867190280041207,0.001220480132607596,8,24,23,8,8,3.3090466599398183,199.9785238174249,4.968223732534829e-10,0.0,SCOPE,SCOPE,SCOPE,Equal,SCOPE,Equal
7-Nickel/Cell_RIRCIH.gmol,17,19,H32-C12-N4-O-Ni,50,True,0.052589750001061475,2.0447706659997493,2.1924974159992416,0.00017768330534177857,3.226815948773571,0.00017768303885796924,0.0012204801326289713,6.557226985738479,0.0012204801326271965,8,11,10,14,8,3.226638265468229,199.97797537577074,2.664838093301234e-10,0.0,SCOPE,SCOPE,SCOPE,Equal,SCOPE,Equal
7-Nickel/Cell_RIRCIH.gmol,17,20,H32-C12-N4-O-Ni,50,True,0.052872917000058806,1.9761798749987065,2.197624458000064,0.6220092924655019,3.3035128338413413,3.108590760466439,1.8951036564801202,6.065949150330406,6.027148868165598,27,29,27,19,13,2.6815035413758395,136.6189492809516,2.4865814680009373,133.30731961185126,SCOPE,SCOPE,SCOPE,SCOPE,SCOPE,SCOPE
7-Nickel/Cell_RIRCIH.gmol,17,21,H32-C12-N4-O-Ni,50,True,0.05960308400062786,2.192165083999498,2.1478772919999756,0.6220260348457017,3.199055854682067,3.1085710748022093,1.8950926442358542,6.4738535522820655,6.027076926406724,26,37,34,46,13,2.577029819836365,134.88482552018004,2.4865450399565074,133.30547185199444,SCOPE,SCOPE,SCOPE,SCOPE,SCOPE,SCOPE
7-Nickel/Cell_RIRCIH.gmol,17,22,H32-C12-N4-O-Ni,50,True,0.05126120800014178,2.066433957999834,2.0962766250013374,1.687904162863597e-15,3.757869806087698,0.0,2.6645352591003757e-15,6.60700117833199,4.505262599598012e-14,4,16,16,36,47,3.757869806087696,199.99999999999983,1.687904162863597e-15,0.0,SCOPE,SCOPE,SCOPE,Equal,SCOPE,Equal
7-Nickel/Cell_RIRCIH.gmol,17,23,H32-C12-N4-O-Ni,50,True,0.051003375001528184,2.004557250000289,2.087503958000525,0.6220092924655019,3.5685949654782814,3.108590760466474,1.8951036564801205,6.948829866620309,6.027148868830115,27,24,24,49,13,2.9465856730127795,140.62820021371286,2.4865814680009724,133.30731961185188,SCOPE,SCOPE,SCOPE,SCOPE,SCOPE,SCOPE
7-Nickel/Cell_RIRCIH.gmol,18,19,H32-C12-N4-O-Ni,50,True,0.052326874998470885,1.969226166000226,2.0550696669997706,2.3931423216985122e-15,3.4139467093582954,0.0,3.972054645195637e-15,6.715778525666979,2.220446049250313e-14,17,36,37,32,37,3.413946709358293,199.99999999999974,2.3931423216985122e-15,0.0,SCOPE,SCOPE,SCOPE,Equal,SCOPE,Equal
7-Nickel/Cell_RIRCIH.gmol,18,20,H32-C12-N4-O-Ni,50,True,0.05198483300046064,1.9379237499997544,2.1123724580011185,0.6219925526147239,3.6335754442793067,3.108610450867142,1.895110227636412,6.718839491904726,6.027220779795884,20,34,34,19,45,3.011582891664583,141.53611897930512,2.486617898252418,133.30916722747475,SCOPE,SCOPE,SCOPE,SCOPE,SCOPE,SCOPE
7-Nickel/Cell_RIRCIH.gmol,18,21,H32-C12-N4-O-Ni,50,True,0.058819750000111526,1.9261548750000657,2.1176352910006244,0.6220092924655019,2.868479477032363,3.108590760466483,1.8951036564801205,6.01498723046612,6.027148868162539,20,24,24,46,45,2.2464701845668613,128.7195194093138,2.4865814680009812,133.30731961185202,SCOPE,SCOPE,SCOPE,SCOPE,SCOPE,SCOPE
7-Nickel/Cell_RIRCIH.gmol,18,22,H32-C12-N4-O-Ni,50,True,0.050928958000440616,1.993656666998504,2.137396041998727,0.00017768330534182313,3.3026633759676223,0.0001776826037734232,0.0012204801326300297,6.656062679313169,0.001220480132596272,8,22,24,14,8,3.3024856926622803,199.97848115581064,7.015683999185823e-10,0.0,SCOPE,SCOPE,SCOPE,Equal,SCOPE,Equal
7-Nickel/Cell_RIRCIH.gmol,18,23,H32-C12-N4-O-Ni,50,True,0.05218020900065312,2.0784357499996986,2.123767750001207,0.6219925526147239,3.378824454183671,3.1086104508670362,1.8951102276364131,6.316192372000799,6.0272207791305865,21,11,10,49,45,2.756831901568947,137.81344644778284,2.4866178982523124,133.30916722747287,SCOPE,SCOPE,SCOPE,SCOPE,SCOPE,SCOPE
7-Nickel/Cell_RIRCIH.gmol,19,20,H32-C12-N4-O-Ni,50,True,0.052551250000760774,1.9611025829999562,2.204462916000921,0.6219925526147239,2.745752782817995,3.1086104508670833,1.8951102276364127,6.244496023166267,6.027220779127569,36,19,19,19,19,2.123760230203271,126.12356450226608,2.4866178982523595,133.30916722747372,SCOPE,SCOPE,SCOPE,SCOPE,SCOPE,SCOPE
7-Nickel/Cell_RIRCIH.gmol,19,21,H32-C12-N4-O-Ni,50,True,0.060527416000695666,1.9642072080005164,2.0881566669995664,0.6220092924655016,3.6335788890177203,3.1085907604665066,1.895103656480121,6.718772645733734,6.027148868830203,36,34,34,46,19,3.011569596552219,141.5348228315918,2.486581468001005,133.3073196118525,SCOPE,SCOPE,SCOPE,SCOPE,SCOPE,SCOPE
7-Nickel/Cell_RIRCIH.gmol,19,22,H32-C12-N4-O-Ni,50,True,0.05296199999975215,2.0045532919994002,2.3063430830006837,0.00017768330534180513,2.777550394646274,0.00017768301326479013,0.0012204801326300293,5.927758191906058,0.0012204801326273608,14,36,36,14,14,2.777372711340932,199.97441314623237,2.920770149990228e-10,0.0,SCOPE,SCOPE,SCOPE,Equal,SCOPE,Equal
7-Nickel/Cell_RIRCIH.gmol,19,23,H32-C12-N4-O-Ni,50,True,0.05832825000106823,2.1221177499992336,2.238940375000311,0.6219925526147236,3.241687568750395,3.1086104508670833,1.895110227636413,7.611561301964788,6.027220779127626,37,24,23,49,19,2.6196950161356716,135.60620619960014,2.4866178982523595,133.30916722747372,SCOPE,SCOPE,SCOPE,SCOPE,SCOPE,SCOPE
7-Nickel/Cell_RIRCIH.gmol,20,21,H32-C12-N4-O-Ni,50,True,0.05987816700144322,2.0669975000000704,2.1475186250008846,0.00017768330534176943,3.4377404049821774,0.00017768337156896205,0.0012204801326295839,7.031819039614883,0.00122048384029611,14,37,36,8,14,3.4375627216768354,199.979326638881,6.622719262100799e-11,0.0,SCOPE,SCOPE,SCOPE,Equal,SCOPE,Equal
7-Nickel/Cell_RIRCIH.gmol,20,22,H32-C12-N4-O-Ni,50,True,0.05188708399873576,2.0444082920002984,2.147469458001069,0.6220092924655019,3.241690499869168,3.108590760466486,1.8951036564801202,7.6115422595749855,6.02714886816252,36,24,23,49,19,2.619681207403666,135.60480100451613,2.4865814680009843,133.30731961185208,SCOPE,SCOPE,SCOPE,SCOPE,SCOPE,SCOPE
7-Nickel/Cell_RIRCIH.gmol,20,23,H32-C12-N4-O-Ni,50,True,0.05104870899958769,2.008595207998951,2.152935666999838,1.9131948672901813e-15,2.7536822332626913,0.0,4.070144838902081e-15,5.864063632573383,6.163727865135184e-14,34,37,37,24,42,2.7536822332626896,199.99999999999974,1.9131948672901813e-15,0.0,SCOPE,SCOPE,SCOPE,Equal,SCOPE,Equal
7-Nickel/Cell_RIRCIH.gmol,21,22,H32-C12-N4-O-Ni,50,True,0.051920084000812494,1.9788234589996136,2.1350223749996076,0.6220260348457015,3.3788321102114667,3.1085710748021946,1.8950926442358547,6.316231057054023,6.027076926409611,20,11,10,49,46,2.7568060753657653,137.81073836729962,2.4865450399564932,133.30547185199424,SCOPE,SCOPE,SCOPE,SCOPE,SCOPE,SCOPE
7-Nickel/Cell_RIRCIH.gmol,21,23,H32-C12-N4-O-Ni,50,True,0.051339666000785655,1.9705624580001313,2.1383645000005345,0.00017768330534173498,3.302686305740455,0.0001776826037734232,0.0012204801326289709,6.6560712833882745,0.0012204801326627225,8,22,24,14,8,3.3025086224351137,199.9784813052029,7.015683117729456e-10,0.0,SCOPE,SCOPE,SCOPE,Equal,SCOPE,Equal
7-Nickel/Cell_RIRCIH.gmol,22,23,H32-C12-N4-O-Ni,50,True,0.05156262499986042,2.026045291000628,2.1970748340008868,0.622009292465502,2.88193742529372,3.108590760466474,1.8951036564801205,5.281031335370436,6.027148868162531,41,29,29,49,49,2.259928132828218,128.99329326979293,2.4865814680009724,133.30731961185188,SCOPE,SCOPE,SCOPE,SCOPE,SCOPE,SCOPE
1-Iron/Cell_FAXFUH.gmol,0,1,H40-C24-N2-Si2-Fe,69,True,0.2936593329995958,2.5105477910001355,2.6372439160004433,3.7855566429532517,4.314596279711663,4.730915917363131,8.062139116621397,8.277219102140247,9.059446313943885,63,55,54,6,11,0.5290396367584109,13.062460469804543,0.9453592744098791,22.200723778877755,SCOPE,SCOPE,SCOPE,SCOPE,SCOPE,SCOPE
1-Iron/Cell_FAXFUH.gmol,0,2,H40-C24-N2-Si2-Fe,69,True,0.28052445799949055,2.2196262079996814,2.293215457999395,3.7855566495703483,3.710009532370916,3.9431379052386912,8.062139167525212,9.251145828020471,7.955997819325485,63,21,21,63,63,0.07554711719943219,2.0157814730912396,0.1575812556683429,4.077823351688568,SCOPE,SCOPE,RDKit without bonds,SCOPE,SCOPE,RDKit with bonds
1-Iron/Cell_FAXFUH.gmol,0,3,H40-C24-N2-Si2-Fe,69,True,0.26813433400093345,2.323196999999709,2.650519417000396,0.0002778744238638594,4.849508202104998,1.2761334914781317,0.0022704341542557163,9.643947052211995,4.612707089631895,56,25,22,36,15,4.849230327681134,199.97708151085607,1.2758556170542679,199.91292010356943,SCOPE,SCOPE,SCOPE,SCOPE,SCOPE,SCOPE
1-Iron/Cell_FAXFUH.gmol,1,2,H40-C24-N2-Si2-Fe,69,True,0.26955370799987577,2.300397291999616,2.3803107500007172,6.877839093437178e-08,4.480850051398174,3.038153702129982,9.378785681565282e-08,8.576026787935854,5.238843166766176,3,62,58,31,11,4.480849982619783,199.9999938602373,3.038153633351591,199.9999909447123,SCOPE,SCOPE,SCOPE,SCOPE,SCOPE,SCOPE
1-Iron/Cell_FAXFUH.gmol,1,3,H40-C24-N2-Si2-Fe,69,True,0.27945658399949025,2.2769853329991747,2.812571124999522,3.785556437393313,4.864295485193609,4.79783401077121,8.062134972461322,9.133641162207601,9.375142414753482,51,37,36,35,17,1.0787390478002963,24.94237028459272,1.0122775733778968,23.58689330261943,SCOPE,SCOPE,SCOPE,SCOPE,SCOPE,SCOPE
1-Iron/Cell_FAXFUH.gmol,2,3,H40-C24-N2-Si2-Fe,69,True,0.2801471250004397,2.3673944160000246,2.6954951669995353,3.7855564440099125,4.562826853748979,3.978563918228113,8.062135023364467,7.6482460468662445,7.33493237966804,63,41,36,55,68,0.7772704097390668,18.62086063891493,0.19300747421820041,4.971779550376923,SCOPE,SCOPE,SCOPE,SCOPE,RDKit without bonds,RDKit with bonds
7-Nickel/Cell_MONTEP.gmol,0,1,H19-C16-N2-Ni-Br,39,True,0.020883791999949608,1.8483711250009947,0.007301458001165884,2.189990978794134e-08,3.5243483052335893,1.5271010761746133e-07,9.375245820404505e-08,7.196360228331223,9.375243841686085e-08,35,25,25,28,35,3.5243482833336794,199.99999751444432,1.3081019782951998e-07,0.0,SCOPE,RDKit with bonds,SCOPE,Equal,SCOPE,Equal
7-Nickel/Cell_MONTEP.gmol,0,2,H19-C16-N2-Ni-Br,39,True,0.020763749998877756,1.9310254590000113,0.0053966670002409955,2.5284208324658282e-08,3.185927052578569,4.319294106081374e-07,8.80346408826651e-08,6.208479100377255,8.803463764461739e-08,29,23,24,24,29,3.1859270272943605,199.99999682551322,4.0664520228347913e-07,0.0,SCOPE,RDKit with bonds,SCOPE,Equal,SCOPE,Equal
7-Nickel/Cell_MONTEP.gmol,0,3,H19-C16-N2-Ni-Br,39,True,0.01976312499937194,1.876043791999109,0.005297249999784981,3.38417090919911e-08,2.8136768845032454,1.5271010761746133e-07,9.361358205438645e-08,7.400121527529138,9.36135729947209e-08,18,23,22,17,18,2.8136768506615364,199.99999518897016,1.1886839852547022e-07,0.0,SCOPE,RDKit with bonds,SCOPE,Equal,SCOPE,Equal
7-Nickel/Cell_MONTEP.gmol,1,2,H19-C16-N2-Ni-Br,39,True,0.020955333000529208,1.8329514159995597,0.005455707998407888,3.3511140855337364e-08,3.3444865083181776,0.0,9.509563757966012e-08,7.371672598347294,9.509564564773625e-08,19,22,21,38,19,3.3444864748070366,199.99999599207345,3.3511140855337364e-08,0.0,SCOPE,RDKit with bonds,SCOPE,Equal,SCOPE,Equal
7-Nickel/Cell_MONTEP.gmol,1,3,H19-C16-N2-Ni-Br,39,True,0.0202592919995368,1.8552678750002087,0.005449999998745625,2.6741715421776847e-08,3.2219846953855438,0.0,9.455938685604446e-08,6.2678675581248156,9.455935293854602e-08,15,16,20,17,15,3.2219846686438283,199.99999668009409,2.6741715421776847e-08,0.0,SCOPE,RDKit with bonds,SCOPE,Equal,SCOPE,Equal
7-Nickel/Cell_MONTEP.gmol,2,3,H19-C16-N2-Ni-Br,39,True,0.020767665999301244,1.8889165420005156,0.005428500000562053,3.686195934860491e-08,2.664174715784524,0.0,1.217568018059102e-07,6.44489711151512,1.2175720385518674e-07,16,21,22,19,16,2.664174678922565,199.99999446553431,3.686195934860491e-08,0.0,SCOPE,RDKit with bonds,SCOPE,Equal,SCOPE,Equal
8-Copper/Cell_MAJQEU.gmol,0,1,H28-C22-N4-O6-S2-Cl-Cu,64,True,0.029521958998884656,2.245296208000582,0.08935770800053433,3.6018140020540235e-15,6.948849522698663,2.384185791015625e-07,6.4047456679787536e-15,12.176273801952984,1.4888583356622763e-14,50,16,10,45,26,6.9488495226986595,199.9999999999998,2.384185754997485e-07,0.0,SCOPE,SCOPE,SCOPE,Equal,SCOPE,Equal
8-Copper/Cell_MAJQEU.gmol,0,2,H28-C22-N4-O6-S2-Cl-Cu,64,True,0.027072957998825586,2.073039584000071,0.09595024999907764,1.2719833729293097,6.621703756901429,1.2719833729292966,3.542264588719166,13.236443665185208,3.542264588719173,56,35,23,50,56,5.3497203839721195,135.5442721755513,1.3100631690576847e-14,0.0,SCOPE,SCOPE,SCOPE,Equal,SCOPE,Equal
8-Copper/Cell_MAJQEU.gmol,0,3,H28-C22-N4-O6-S2-Cl-Cu,64,True,0.027309875000355532,2.0496988329996384,0.09613687499950174,1.271983935969859,5.641396185848993,1.2719839359697018,3.5422631652005707,10.980455392013745,3.5422631652006156,56,46,48,17,56,4.369412249879135,126.4045133606679,1.5720758028692217e-13,0.0,SCOPE,SCOPE,SCOPE,Equal,SCOPE,Equal
8-Copper/Cell_MAJQEU.gmol,1,2,H28-C22-N4-O6-S2-Cl-Cu,64,True,0.026895332999629318,2.0863753749999887,0.09735125000042899,1.2719833729293089,7.956677165645718,1.2719833729293413,3.542264588719166,14.353009447351539,3.5422645887191604,56,49,43,50,56,6.684693792716409,144.86812608991198,3.241851231905457e-14,0.0,SCOPE,SCOPE,SCOPE,Equal,SCOPE,Equal
8-Copper/Cell_MAJQEU.gmol,1,3,H28-C22-N4-O6-S2-Cl-Cu,64,True,0.027490250000482774,2.0904370000007475,0.09590504200059513,1.271983935969859,7.722724409824568,1.2719839359697913,3.5422631652005694,15.71441623906708,3.542263165200551,56,17,26,17,56,6.45074047385471,143.43412206068524,6.772360450213455e-14,0.0,SCOPE,SCOPE,SCOPE,Equal,SCOPE,Equal
8-Copper/Cell_MAJQEU.gmol,2,3,H28-C22-N4-O6-S2-Cl-Cu,64,True,0.02796058300009463,2.001538041000458,0.0951571250006964,0.00020571087720738307,5.145083524890571,0.00020570978279299193,0.0016294363319251841,13.350176067527158,0.001629436331925187,25,24,35,6,25,5.1448778140133635,199.98400782791555,1.0944143911430226e-09,0.0,SCOPE,SCOPE,SCOPE,Equal,SCOPE,Equal
7-Nickel/Cell_KICCOP.gmol,4,5,H12-C12-N6-O8-Ni,39,True,0.010339333000956685,1.8210845839985268,0.00022420900131692179,3.1478976440158557,3.7226729808051875,3.1478976440158513,6.9613389383822994,7.07714386581695,6.961338938382285,21,0,1,8,21,0.5747753367893318,16.73151673058605,4.440892098500626e-15,0.0,SCOPE,RDKit with bonds,SCOPE,Equal,SCOPE,Equal
4-Rhenium/Cell_TATBOG.gmol,0,1,H13-C9-N2-O9-Re,34,True,0.014769874998819432,1.796779250000327,0.0006312500008789357,2.9443436538164945e-08,3.195451267629706,0.0,1.010673461733685e-07,5.678513327432878,1.0106735061440426e-07,3,4,5,21,3,3.1954512381862696,199.99999631433136,2.9443436538164945e-08,0.0,SCOPE,RDKit with bonds,SCOPE,Equal,SCOPE,Equal
4-Rhenium/Cell_TATBOG.gmol,0,2,H13-C9-N2-O9-Re,34,True,0.014770584000871168,1.8157369170003221,0.0006096249999245629,2.216654656519767e-08,3.6305693658391682,3.271075919008424e-07,8.508036344554555e-08,6.565909076847433,8.5080363413987e-08,29,29,18,9,29,3.630569343672622,199.99999755778842,3.049410453356447e-07,0.0,SCOPE,RDKit with bonds,SCOPE,Equal,SCOPE,Equal
4-Rhenium/Cell_TATBOG.gmol,0,3,H13-C9-N2-O9-Re,34,True,0.015194999999948777,1.742965584000558,0.0005941670005995547,1.6757319097974728e-08,2.9785785215594447,0.0,9.547491874398938e-08,5.773412935312732,9.547491963588441e-08,3,24,31,8,3,2.9785785048021256,199.999997749622,1.6757319097974728e-08,0.0,SCOPE,RDKit with bonds,SCOPE,Equal,SCOPE,Equal
4-Rhenium/Cell_TATBOG.gmol,1,2,H13-C9-N2-O9-Re,34,True,0.014745165999556775,1.8624371250007243,0.0005971249993308447,2.8329243833278184e-08,3.1496098305591103,0.0,9.442821061494982e-08,7.9256778878594,9.442906385157152e-08,9,14,17,29,9,3.1496098022298664,199.99999640219008,2.8329243833278184e-08,0.0,SCOPE,RDKit with bonds,SCOPE,Equal,SCOPE,Equal
4-Rhenium/Cell_TATBOG.gmol,1,3,H13-C9-N2-O9-Re,34,True,0.01553470799990464,1.7218892500004586,0.0006127500000729924,2.3520462363963453e-08,3.650612683348359,2.3129999641068742e-07,9.445431208059405e-08,7.598974745771939,9.445428021825736e-08,9,12,17,22,9,3.6506126598278965,199.9999974228477,2.0777953404672395e-07,0.0,SCOPE,RDKit with bonds,SCOPE,Equal,SCOPE,Equal
4-Rhenium/Cell_TATBOG.gmol,2,3,H13-C9-N2-O9-Re,34,True,0.015439541999512585,1.844749582998702,0.0006085419990995433,2.7002588031111608e-08,3.4784604928117586,3.271075919008424e-07,8.816164117129993e-08,5.594905037830881,8.816163406842613e-08,13,24,31,8,13,3.4784604658091705,199.9999968948806,3.0010500386973077e-07,0.0,SCOPE,RDKit with bonds,SCOPE,Equal,SCOPE,Equal
8-Copper/Cell_GEXNEE.gmol,4,5,H29-C24-N4-O3-Cu,61,True,0.01683137500003795,2.111938583000665,0.0011817909999081166,2.888978154030192,4.877418997680362,2.8889781540301365,8.251554496947332,10.811924547018938,8.25155449694734,53,37,37,53,53,1.98844084365017,51.20626217813789,5.551115123125783e-14,0.0,SCOPE,RDKit with bonds,SCOPE,Equal,SCOPE,Equal
8-Copper/Cell_GEXNEE.gmol,4,6,H29-C24-N4-O3-Cu,61,True,0.016023750000385917,2.072861082999225,0.0012468749991967343,2.888978681016933,2.9473413079840234,2.8889786810169453,8.25155678848337,6.818722284604181,8.25155678848335,53,43,43,53,53,0.05836262696709049,1.999980366980558,1.2434497875801753e-14,0.0,SCOPE,RDKit with bonds,SCOPE,Equal,RDKit without bonds,Equal
8-Copper/Cell_GEXNEE.gmol,4,7,H29-C24-N4-O3-Cu,61,True,0.01655866600049194,2.0975191249999625,0.0009762919999047881,7.231112607591873e-08,5.199107444655355,0.0,1.3536399433435866e-07,9.501085419133398,1.3536399523734409e-07,37,28,31,58,37,5.199107372344229,199.99999443665084,7.231112607591873e-08,0.0,SCOPE,RDKit with bonds,SCOPE,Equal,SCOPE,Equal
8-Copper/Cell_GEXNEE.gmol,5,6,H29-C24-N4-O3-Cu,61,True,0.015859707998970407,2.0942690419997234,0.0012131670009694062,0.0002179958780168066,5.143355779798706,0.00021799696924739963,0.001688084989460168,10.980480560481315,0.0016880849894579748,2,39,39,2,2,5.1431377839206895,199.98304712734577,1.091230593028552e-09,0.0,SCOPE,RDKit with bonds,SCOPE,Equal,SCOPE,Equal
8-Copper/Cell_GEXNEE.gmol,5,7,H29-C24-N4-O3-Cu,61,True,0.016062167000200134,2.134695125001599,0.000967542000580579,2.8889781542599042,4.202304360844846,2.8889781542599415,8.251554527453282,9.000596579134486,8.251554527453298,53,50,42,42,53,1.313326206584942,37.040583386362,3.730349362740526e-14,0.0,SCOPE,RDKit with bonds,SCOPE,Equal,SCOPE,Equal
8-Copper/Cell_GEXNEE.gmol,6,7,H29-C24-N4-O3-Cu,61,True,0.015981874999852153,2.0892090420002205,0.0011044999992009252,2.8889786812474036,5.358456853382741,2.8889786812474005,8.251556818989469,9.97810845598782,8.25155681898946,53,27,30,42,53,2.469478172135337,59.88475233946962,3.1086244689504383e-15,0.0,SCOPE,RDKit with bonds,SCOPE,Equal,SCOPE,Equal
7-Nickel/Cell_FODWOM.gmol,0,1,H22-C16-N8-S2-Ni,49,True,0.023831458998756716,1.953919790999862,0.25615329100037343,2.674695850771064,4.313757123853616,2.6746958507710654,7.687868924697485,7.931693497465049,7.687868970749078,35,21,12,15,35,1.639061273082552,46.90769985958384,1.3322676295501878e-15,0.0,SCOPE,SCOPE,SCOPE,Equal,SCOPE,Equal
7-Nickel/Cell_FODWOM.gmol,0,2,H22-C16-N8-S2-Ni,49,True,0.023324332998527098,1.9543215829999099,0.25460854199991445,6.043651912962339e-08,4.388038200093522,0.0,1.2496479513170754e-07,8.517698563480032,1.2496479221785547e-07,34,24,17,14,34,4.388038139657003,199.99999449079382,6.043651912962339e-08,0.0,SCOPE,SCOPE,SCOPE,Equal,SCOPE,Equal
7-Nickel/Cell_FODWOM.gmol,0,3,H22-C16-N8-S2-Ni,49,True,0.02272604199970374,1.9572292089997063,0.2527906670002267,2.674695844608911,3.0727552328150036,2.674695844608907,7.687868908663017,10.037765986959156,7.6878689086630105,35,35,35,35,35,0.39805938820609255,13.851684262948375,3.9968028886505635e-15,0.0,SCOPE,SCOPE,SCOPE,Equal,SCOPE,Equal
7-Nickel/Cell_FODWOM.gmol,1,2,H22-C16-N8-S2-Ni,49,True,0.023290084000109346,1.9225443330014969,0.256282000000283,2.674695846948179,3.660433066586456,2.674695846948177,7.687868922170165,7.503696640102592,7.687868922170168,15,28,40,15,15,0.9857372196382772,31.119720943083156,1.7763568394002505e-15,0.0,SCOPE,SCOPE,SCOPE,Equal,RDKit without bonds,Equal
7-Nickel/Cell_FODWOM.gmol,1,3,H22-C16-N8-S2-Ni,49,True,0.0229176249995362,1.9734923750002054,0.23989400000027672,7.140007786016145e-08,4.445430304136223,0.0,1.4129651992117745e-07,9.88596220524077,1.412965203850125e-07,24,26,36,10,24,4.445430232736145,199.9999935754182,7.140007786016145e-08,0.0,SCOPE,SCOPE,SCOPE,Equal,SCOPE,Equal
7-Nickel/Cell_FODWOM.gmol,2,3,H22-C16-N8-S2-Ni,49,True,0.022981500000241795,1.9985429579992342,0.24408258299990848,2.6746958407860264,4.603457555040018,2.6746958407860273,7.687868906135697,8.443383767369985,7.687868952187285,15,20,27,35,15,1.9287617142539917,53.001403222969145,8.881784197001252e-16,0.0,SCOPE,SCOPE,SCOPE,Equal,SCOPE,Equal
1-Iron/Cell_SEHVEI.gmol,0,1,H16-C14-O5-Fe,36,True,0.03364079099992523,1.7955874999988737,0.05926966699917102,1.8752059168851543,3.7068606641451893,1.8752059168851274,4.779340593131125,6.736781190694184,4.779340593184622,19,11,16,24,19,1.831654747260035,65.626402719186,2.6867397195928788e-14,0.0,SCOPE,SCOPE,SCOPE,Equal,SCOPE,Equal
1-Iron/Cell_SEHVEI.gmol,0,2,H16-C14-O5-Fe,36,True,0.03018220800004201,1.872453250000035,0.05715045800025109,1.8752059129933614,3.528168123163436,1.8752059129933352,4.779340590590515,7.345607655957275,4.779340590590511,19,10,16,5,19,1.6529622101700745,61.18259439784258,2.6201263381153694e-14,0.0,SCOPE,SCOPE,SCOPE,Equal,SCOPE,Equal
1-Iron/Cell_SEHVEI.gmol,0,3,H16-C14-O5-Fe,36,True,0.03282500000022992,1.754942249999658,0.06484837499920104,6.224901717276559e-08,3.4846551072503416,1.9466795466607238e-07,1.0146297814783265e-07,6.848792767358271,1.0146298520675124e-07,22,11,16,26,22,3.4846550450013245,199.99999285449906,1.3241893749330677e-07,0.0,SCOPE,SCOPE,SCOPE,Equal,SCOPE,Equal
1-Iron/Cell_SEHVEI.gmol,1,2,H16-C14-O5-Fe,36,True,0.02901483399909921,1.7711225840012048,0.054453374999866355,6.544040021333869e-08,3.2480611994924566,0.0,9.259301832416875e-08,6.651815338298397,9.259301771927925e-08,22,23,20,35,22,3.2480611340520564,199.99999194098942,6.544040021333869e-08,0.0,SCOPE,SCOPE,SCOPE,Equal,SCOPE,Equal
1-Iron/Cell_SEHVEI.gmol,1,3,H16-C14-O5-Fe,36,True,0.03271866599970963,1.8979395830010617,0.061873458998888964,1.875205918224992,2.1125287607494783,1.8752059182249792,4.779340616806061,5.299503215432666,4.779340616806061,24,3,3,24,24,0.2373228425244862,11.902639550007313,1.2878587085651816e-14,0.0,SCOPE,SCOPE,SCOPE,Equal,SCOPE,Equal
1-Iron/Cell_SEHVEI.gmol,2,3,H16-C14-O5-Fe,36,True,0.03339433399924019,1.7801912499999162,0.06099795899899618,1.8752059143331985,3.4747954023836614,1.8752059143331972,4.7793406142654495,7.283487712848321,4.779340614318943,5,20,23,24,5,1.5995894880504629,59.79772315391071,1.3322676295501878e-15,0.0,SCOPE,SCOPE,SCOPE,Equal,SCOPE,Equal
1-Iron/Cell_NOYJUG.gmol,0,1,H4-C11-N2-O9-Fe,27,True,0.03654729200025031,1.5010082909993798,0.0001054580006893957,0.39583360574420495,2.362770194467139,0.3958336057441991,0.9968212047504124,7.458009459101181,0.996821204750388,9,11,11,9,9,1.9669365887229342,142.60377576310464,5.828670879282072e-15,0.0,SCOPE,RDKit with bonds,SCOPE,Equal,SCOPE,Equal
1-Iron/Cell_NOYJUG.gmol,0,18,H4-C11-N2-O9-Fe,27,True,0.0069261670014384435,1.6087863749999087,9.662499905971345e-05,5.998310847859409e-08,2.0775368344651945,0.0,1.0438602112845218e-07,5.680102274275762,1.0438602098021346e-07,4,4,4,25,4,2.0775367744820863,199.99998845111085,5.998310847859409e-08,0.0,SCOPE,RDKit with bonds,SCOPE,Equal,SCOPE,Equal
1-Iron/Cell_NOYJUG.gmol,0,24,H4-C11-N2-O9-Fe,27,True,0.006737249999787309,1.5836414170007629,9.983299969462678e-05,0.39583360448036276,2.6759472938423214,0.3958336044808746,0.996821210834029,6.049911992089282,0.9968205635835512,9,4,4,25,9,2.2801136893619587,148.4554898174536,5.118683255034284e-13,0.0,SCOPE,RDKit with bonds,SCOPE,Equal,SCOPE,Equal
1-Iron/Cell_NOYJUG.gmol,1,18,H4-C11-N2-O9-Fe,27,True,0.006726834000801318,1.5827699580004264,9.88749998214189e-05,0.39583360700804315,2.675947283263297,0.39583360700847037,0.9968211986667949,6.049911965915376,0.99682055141643,9,4,4,23,9,2.280113676255254,148.45548935320346,4.2721381987576024e-13,0.0,SCOPE,RDKit with bonds,SCOPE,Equal,SCOPE,Equal
1-Iron/Cell_NOYJUG.gmol,1,24,H4-C11-N2-O9-Fe,27,True,0.006732166999427136,1.6300111670007027,9.845900058280677e-05,5.998310852545556e-08,2.0775368380274934,1.5894571940104166e-07,1.0438601779820474e-07,5.6801022483899555,1.0438602358020847e-07,4,4,4,24,4,2.0775367780443847,199.99998845111077,9.89626108755861e-08,0.0,SCOPE,RDKit with bonds,SCOPE,Equal,SCOPE,Equal
1-Iron/Cell_NOYJUG.gmol,14,15,H12-C4-N,17,False,0.007783125000059954,1.4194200000001729,0.04329087499900197,0.009618588680782464,1.0234868374438726,0.009618588684937649,0.021052537850236135,2.40561179226386,0.021052563588733125,12,2,2,12,12,1.0138682487630901,196.2758539689939,4.155184876730722e-12,0.0,SCOPE,SCOPE,SCOPE,Equal,SCOPE,Equal
1-Iron/Cell_NOYJUG.gmol,14,16,H12-C4-N,17,False,0.0078019579996180255,1.3857046670000273,0.043296125000779284,5.795172444987793e-08,3.271075919008424e-07,3.271075919008424e-07,1.0331734289428442e-07,1.0331734065515584e-07,1.0331734065515584e-07,1,1,1,1,1,2.6915586745096447e-07,0.0,2.6915586745096447e-07,0.0,SCOPE,SCOPE,Equal,Equal,Equal,Equal
1-Iron/Cell_NOYJUG.gmol,14,17,H12-C4-N,17,False,0.007740417000604793,1.370953792000364,0.04331808400092996,0.009618599175601584,1.023486853861575,0.009618599173688711,0.021052557470203823,2.405611811401977,0.021052557465910428,12,2,2,12,12,1.0138682546859734,196.27585000260166,1.9128726380657213e-12,0.0,SCOPE,SCOPE,SCOPE,Equal,SCOPE,Equal
1-Iron/Cell_NOYJUG.gmol,14,20,H12-C4-N,17,False,0.007785416999467998,1.4368492079993302,0.0454856659998768,0.02139829594559259,0.6057867115608546,0.02139829607839417,0.04535692345370145,1.7713129185267549,0.045357770380299985,12,5,7,9,12,0.584388415615262,186.3528013651553,1.3280157876160992e-10,0.0,SCOPE,SCOPE,SCOPE,Equal,SCOPE,Equal
1-Iron/Cell_NOYJUG.gmol,14,22,H12-C4-N,17,False,0.0077110000001994194,1.3991890830002376,0.04322475000117265,0.06859209633272054,0.7271107392045076,0.06859209633270247,0.11070886704067892,1.73499392042111,0.11070886704064896,14,7,7,16,14,0.6585186428717871,165.5187372625562,1.8068879725774423e-14,0.0,SCOPE,SCOPE,SCOPE,Equal,SCOPE,Equal
1-Iron/Cell_NOYJUG.gmol,14,26,H12-C4-N,17,False,0.007941415999084711,1.4202630420004425,0.04431095799918694,0.021398295366015403,0.6057867010873852,0.021398295363341393,0.045356958402888586,1.7713128850069597,0.04535695840310956,12,5,7,15,12,0.5843884057213697,186.35280149428425,2.674010318726161e-12,0.0,SCOPE,SCOPE,SCOPE,Equal,SCOPE,Equal
1-Iron/Cell_NOYJUG.gmol,14,27,H12-C4-N,17,False,0.007758290999845485,1.4450741250002466,0.044612791998588364,0.021190919096767808,0.021190919094555245,0.021190919094555245,0.043385447065812655,0.04338544706584003,0.04338544706584003,12,13,12,13,12,2.2125634657754745e-12,0.0,2.2125634657754745e-12,0.0,SCOPE,SCOPE,Equal,Equal,Equal,Equal
1-Iron/Cell_NOYJUG.gmol,14,29,H12-C4-N,17,False,0.007727500000328291,1.4216512499988312,0.044276917000388494,0.021190917681343183,0.021190917686430756,0.021190917686430756,0.04338540945932642,0.04338508951902566,0.04338508951902566,12,16,12,16,12,5.087572724216116e-12,0.0,5.087572724216116e-12,0.0,SCOPE,SCOPE,Equal,Equal,Equal,Equal
1-Iron/Cell_NOYJUG.gmol,14,32,H12-C4-N,17,False,0.008255291999375913,1.4070490829999471,0.044144040999526624,0.068686403750674,1.0100993959102595,0.06868640375146548,0.10686804089223219,2.3535924747303016,0.10686804089227887,14,2,2,14,14,0.9414129921595855,174.53195851400253,7.914779942552741e-13,0.0,SCOPE,SCOPE,SCOPE,Equal,SCOPE,Equal
1-Iron/Cell_NOYJUG.gmol,14,34,H12-C4-N,17,False,0.007748167001409456,1.3914577089999511,0.04224370799965982,0.06868639977360337,1.0100994074311709,0.06868639977343961,0.10686807847371613,2.3535924675914455,0.106868075921879,14,2,2,13,14,0.9414130076575675,174.531960166745,1.637578961322106e-13,0.0,SCOPE,SCOPE,SCOPE,Equal,SCOPE,Equal
1-Iron/Cell_NOYJUG.gmol,14,35,H12-C4-N,17,False,0.007840042000680114,1.4263721660008741,0.04507675000058953,0.06859209145966326,0.7271107420452064,0.0685920914606278,0.1107087854700687,1.7349939606883975,0.11070877835128992,14,7,7,15,14,0.6585186505855432,165.51873962417227,9.645340082187204e-13,0.0,SCOPE,SCOPE,SCOPE,Equal,SCOPE,Equal
1-Iron/Cell_NOYJUG.gmol,15,16,H12-C4-N,17,False,0.007749000000330852,1.3690074170008302,0.042355125000540284,0.009618578185876728,1.023486821026209,0.00961857819061303,0.021052518230058628,2.4056117731258126,0.02105251822576239,12,2,2,12,12,1.0138682428403323,196.2758579354198,4.7363016286716686e-12,0.0,SCOPE,SCOPE,SCOPE,Equal,SCOPE,Equal
1-Iron/Cell_NOYJUG.gmol,15,17,H12-C4-N,17,False,0.007913250001365668,1.3759343340007035,0.04224316600084421,5.795172476943347e-08,2.8328348435688237e-07,2.8328348435688237e-07,1.0331734443185243e-07,1.0331734604542739e-07,1.0331734604542739e-07,1,1,1,1,1,2.253317595874489e-07,0.0,2.253317595874489e-07,0.0,SCOPE,SCOPE,Equal,Equal,Equal,Equal
1-Iron/Cell_NOYJUG.gmol,15,20,H12-C4-N,17,False,0.007941707999634673,1.4338560000014695,0.0460546250014886,0.021190916371599453,0.021190916372349454,0.021190916372349454,0.04338545001081885,0.04338545001080565,0.04338545001080565,12,9,12,9,12,7.500007559446686e-13,0.0,7.500007559446686e-13,0.0,SCOPE,SCOPE,Equal,Equal,Equal,Equal
1-Iron/Cell_NOYJUG.gmol,15,22,H12-C4-N,17,False,0.00796579199959524,1.4046081249998679,0.044797791000746656,0.06868639772055837,1.0100993800151858,0.06868639772065432,0.1068680314660002,2.353592403856313,0.1068680289141581,14,2,2,15,14,0.9414129822946274,174.53196023228125,9.595102490322915e-14,0.0,SCOPE,SCOPE,SCOPE,Equal,SCOPE,Equal
1-Iron/Cell_NOYJUG.gmol,15,26,H12-C4-N,17,False,0.007936207999591716,1.4299814579990198,0.04516574999979639,0.021190917787042757,0.021190917791203804,0.021190917791203804,0.04338548761732808,0.04338516767651334,0.04338516767651334,12,15,12,15,12,4.161046507356048e-12,0.0,4.161046507356048e-12,0.0,SCOPE,SCOPE,Equal,Equal,Equal,Equal
1-Iron/Cell_NOYJUG.gmol,15,27,H12-C4-N,17,False,0.007938374999866937,1.4620501669996884,0.04492945799938752,0.02139829853852045,0.6057866887467064,0.02139829867108535,0.045356993574071934,1.7713128256076127,0.04535784050088856,12,5,7,13,12,0.5843883902081859,186.35279927146016,1.3256490002944155e-10,0.0,SCOPE,SCOPE,SCOPE,Equal,SCOPE,Equal
1-Iron/Cell_NOYJUG.gmol,15,29,H12-C4-N,17,False,0.0077632920001633465,1.4869133329993929,0.044202208000569954,0.021398299118088826,0.6057866992201981,0.0213982991211185,0.04535695862485293,1.7713128569788947,0.04535695862508123,12,5,7,16,12,0.5843884001021094,186.3527991423372,3.029673734111782e-12,0.0,SCOPE,SCOPE,SCOPE,Equal,SCOPE,Equal
1-Iron/Cell_NOYJUG.gmol,15,32,H12-C4-N,17,False,0.007904874999439926,1.421780624999883,0.04387858299924119,0.06859209528387755,0.7271107261217423,0.06859209528403455,0.11070886838957075,1.7349938603292898,0.11070886127078262,14,7,7,16,14,0.6585186308378648,165.51873717742578,1.5699941346980495e-13,0.0,SCOPE,SCOPE,SCOPE,Equal,SCOPE,Equal
1-Iron/Cell_NOYJUG.gmol,15,34,H12-C4-N,17,False,0.007875457999034552,1.3911252910002077,0.04250733299886633,0.06859209041082552,0.7271107289624411,0.06859209041078985,0.11070878681897689,1.7349939054572807,0.11070878681894179,14,7,7,14,14,0.6585186385516156,165.51873953903953,3.5665914666083154e-14,0.0,SCOPE,SCOPE,SCOPE,Equal,SCOPE,Equal
1-Iron/Cell_NOYJUG.gmol,15,35,H12-C4-N,17,False,0.007976041999427252,1.413667417000397,0.044268625000768225,0.06868639374349551,1.0100993915362297,0.06868639374399117,0.1068680690474927,2.3535925061358594,0.10686806904751193,14,2,2,14,14,0.9414129977927342,174.53196188502412,4.956590693439011e-13,0.0,SCOPE,SCOPE,SCOPE,Equal,SCOPE,Equal
1-Iron/Cell_NOYJUG.gmol,16,17,H12-C4-N,17,False,0.007693125000514556,1.4252539589997468,0.04307845800030918,0.009618588680782119,1.0234868374438333,0.009618588690499764,0.021052537850236336,2.405611792263895,0.02105256358873192,12,2,2,12,12,1.0138682487630513,196.27585396899394,9.717645091389393e-12,0.0,SCOPE,SCOPE,SCOPE,Equal,SCOPE,Equal
1-Iron/Cell_NOYJUG.gmol,16,20,H12-C4-N,17,False,0.007764375000988366,1.4180140839998785,0.04513629199936986,0.02139829911808917,0.6057866992202422,0.02139829911611813,0.04535695862485496,1.7713128569789003,0.045356958625076965,12,5,7,9,12,0.584388400102153,186.3527991423379,1.9710379162152236e-12,0.0,SCOPE,SCOPE,SCOPE,Equal,SCOPE,Equal
1-Iron/Cell_NOYJUG.gmol,16,22,H12-C4-N,17,False,0.007656083998881513,1.3986815829994157,0.04395124999973632,0.06859209528387716,0.7271107261217423,0.06859209528422953,0.11070886838957086,1.7349938603293074,0.11070886127078526,14,7,7,16,14,0.6585186308378652,165.51873717742598,3.5237091022821687e-13,0.0,SCOPE,SCOPE,SCOPE,Equal,SCOPE,Equal
1-Iron/Cell_NOYJUG.gmol,16,26,H12-C4-N,17,False,0.0077202089996717405,1.415009332999034,0.04429158300081326,0.02139829853852083,0.6057866887467285,0.021398298666084982,0.045356993574071934,1.7713128256076256,0.04535784050088766,12,5,7,15,12,0.5843883902082077,186.35279927146044,1.2756415021519807e-10,0.0,SCOPE,SCOPE,SCOPE,Equal,SCOPE,Equal
1-Iron/Cell_NOYJUG.gmol,16,27,H12-C4-N,17,False,0.007639540999662131,1.452839583000241,0.04455687500012573,0.021190917787042605,0.021190917786785664,0.021190917786785664,0.04338548761732808,0.04338516767650545,0.04338516767650545,12,13,12,13,12,2.5694030236778076e-13,0.0,2.5694030236778076e-13,0.0,SCOPE,SCOPE,Equal,Equal,Equal,Equal
1-Iron/Cell_NOYJUG.gmol,16,29,H12-C4-N,17,False,0.007798374999765656,1.474165957999503,0.043856667000000016,0.021190916371599176,0.02119091637361178,0.02119091637361178,0.04338545001081677,0.04338545001081778,0.04338545001081778,12,16,12,16,12,2.01260536014658e-12,0.0,2.01260536014658e-12,0.0,SCOPE,SCOPE,Equal,Equal,Equal,Equal
1-Iron/Cell_NOYJUG.gmol,16,32,H12-C4-N,17,False,0.007866582998758531,1.3989888329997484,0.04333933300040371,0.06868639772055782,1.0100993800151725,0.06868639772065432,0.10686803146599844,2.3535924038563167,0.10686802891417949,14,2,2,14,14,0.9414129822946147,174.5319602322811,9.650613641554173e-14,0.0,SCOPE,SCOPE,SCOPE,Equal,SCOPE,Equal
1-Iron/Cell_NOYJUG.gmol,16,34,H12-C4-N,17,False,0.007820124999852851,1.4186548329998914,0.04387362499983283,0.06868639374349655,1.0100993915362297,0.06868639374321228,0.10686806904749252,2.353592506135842,0.10686806904752283,14,2,2,13,14,0.9414129977927332,174.5319618850238,2.8427260545527133e-13,0.0,SCOPE,SCOPE,SCOPE,Equal,SCOPE,Equal
1-Iron/Cell_NOYJUG.gmol,16,35,H12-C4-N,17,False,0.00790058299935481,1.388465999998516,0.0431408750009723,0.06859209041082528,0.7271107289624411,0.06859209041078985,0.11070878681897571,1.7349939054573065,0.11070878681895342,14,7,7,15,14,0.6585186385516159,165.51873953903961,3.542999227335031e-14,0.0,SCOPE,SCOPE,SCOPE,Equal,SCOPE,Equal
1-Iron/Cell_NOYJUG.gmol,17,20,H12-C4-N,17,False,0.007887125000706874,1.4204363340013515,0.045926750000944594,0.021190917681343013,0.021190917682643775,0.021190917682643775,0.043385409459327486,0.043385089519011655,0.043385089519011655,12,9,12,9,12,1.300761581779497e-12,0.0,1.300761581779497e-12,0.0,SCOPE,SCOPE,Equal,Equal,Equal,Equal
1-Iron/Cell_NOYJUG.gmol,17,22,H12-C4-N,17,False,0.007851917000152753,1.4011568329988222,0.04431191699950432,0.06868640375067386,1.0100993959101934,0.06868640375029714,0.10686804089223356,2.353592474730305,0.10686804089227332,14,2,2,15,14,0.9414129921595196,174.53195851400105,3.7672642783093124e-13,0.0,SCOPE,SCOPE,SCOPE,Equal,SCOPE,Equal
1-Iron/Cell_NOYJUG.gmol,17,26,H12-C4-N,17,False,0.007641291000254569,1.4247205840001698,0.04413924999971641,0.021190919096767836,0.021190919096448733,0.021190919096448733,0.04338544706581135,0.04338544706579044,0.04338544706579044,12,15,12,15,12,3.1910238340593367e-13,0.0,3.1910238340593367e-13,0.0,SCOPE,SCOPE,Equal,Equal,Equal,Equal
1-Iron/Cell_NOYJUG.gmol,17,27,H12-C4-N,17,False,0.007896917000834947,1.4507317079987843,0.04579870899942762,0.02139829536601532,0.6057867010875618,0.02139829536834176,0.045356958402888926,1.7713128850069844,0.045356958403138,12,5,7,13,12,0.5843884057215465,186.35280149428817,2.326441123079448e-12,0.0,SCOPE,SCOPE,SCOPE,Equal,SCOPE,Equal
1-Iron/Cell_NOYJUG.gmol,17,29,H12-C4-N,17,False,0.007617499999469146,1.4416235830012738,0.04450345800069044,0.02139829594559231,0.6057867115608988,0.02139829607714408,0.04535692345369999,1.7713129185267429,0.04535777038028857,12,5,7,16,12,0.5843884156153065,186.35280136515647,1.315517694777668e-10,0.0,SCOPE,SCOPE,SCOPE,Equal,SCOPE,Equal
1-Iron/Cell_NOYJUG.gmol,17,32,H12-C4-N,17,False,0.007997125001566019,1.3824505829998088,0.04320041599930846,0.0685920963327197,0.7271107392044892,0.06859209633328744,0.1107088670406779,1.734993920421117,0.11070886704066053,14,7,7,16,14,0.6585186428717695,165.51873726255576,5.677402992176894e-13,0.0,SCOPE,SCOPE,SCOPE,Equal,SCOPE,Equal
1-Iron/Cell_NOYJUG.gmol,17,34,H12-C4-N,17,False,0.007747749999907683,1.413747582999349,0.043460459000925766,0.06859209145966334,0.7271107420451328,0.06859209145906786,0.11070878547007124,1.7349939606883733,0.11070877835129009,14,7,7,14,14,0.6585186505854694,165.51873962416906,5.954819970455105e-13,0.0,SCOPE,SCOPE,SCOPE,Equal,SCOPE,Equal
1-Iron/Cell_NOYJUG.gmol,17,35,H12-C4-N,17,False,0.007718208000369486,1.3955545829994662,0.042654209000829724,0.06868639977360282,1.0100994074312237,0.06868639977421852,0.10686807847371677,2.3535924675914663,0.10686807592187735,14,2,2,14,14,0.9414130076576209,174.53196016674642,6.157019338814962e-13,0.0,SCOPE,SCOPE,SCOPE,Equal,SCOPE,Equal
1-Iron/Cell_NOYJUG.gmol,18,24,H4-C11-N2-O9-Fe,27,True,0.006674417001704569,1.5812379170001805,9.920800039253663e-05,0.3958336057442049,2.032606334331959,0.39583360574431614,0.9968212047504146,4.806806803257977,0.9968212047504168,23,22,22,25,23,1.636772728587754,134.80034664035543,1.1124434706744069e-13,0.0,SCOPE,RDKit with bonds,SCOPE,Equal,SCOPE,Equal
1-Iron/Cell_NOYJUG.gmol,20,22,H12-C4-N,17,False,0.007817167001121561,1.3823571670000092,0.044206082999153296,0.06897240130949758,1.0090445030688513,0.06897240130998705,0.10132142868333233,2.3507593209204454,0.10132141875401779,4,4,11,10,4,0.9400721017593537,174.40767356082551,4.894695759816159e-13,0.0,SCOPE,SCOPE,SCOPE,Equal,SCOPE,Equal
1-Iron/Cell_NOYJUG.gmol,20,26,H12-C4-N,17,False,0.007906083001216757,1.3948196249984903,0.04484862499884912,4.950731415759557e-08,0.0,0.0,5.992264817430572e-08,5.992265011707441e-08,5.992265011707441e-08,13,12,13,12,13,4.950731415759557e-08,0.0,4.950731415759557e-08,0.0,SCOPE,SCOPE,Equal,Equal,Equal,Equal
1-Iron/Cell_NOYJUG.gmol,20,27,H12-C4-N,17,False,0.00787470800059964,1.3989781670006778,0.045284957999683684,0.006558878249264149,0.6052575060141581,0.006558878260103941,0.009554129129267886,1.7673442512554762,0.009554129129278742,4,4,4,11,4,0.5986986277648939,195.7118649202829,1.0839791737826676e-11,0.0,SCOPE,SCOPE,SCOPE,Equal,SCOPE,Equal
1-Iron/Cell_NOYJUG.gmol,20,29,H12-C4-N,17,False,0.0077362499996525,1.4042937089998304,0.04507904199999757,0.006558876909661131,0.6052575166099923,0.006558876904029966,0.00955409574094739,1.7673442658064937,0.009554095740943123,14,4,4,4,14,0.5986986397003311,195.71186586097878,5.6311648052864705e-12,0.0,SCOPE,SCOPE,SCOPE,Equal,SCOPE,Equal
1-Iron/Cell_NOYJUG.gmol,20,32,H12-C4-N,17,False,0.007658791999347159,1.424857666999742,0.04331491599987203,0.0678014129925086,0.7270197035657713,0.06780141299156921,0.09638330889815233,1.7252287282376328,0.09638331347488176,4,7,5,14,4,0.6592182905732626,165.87840379173562,9.393874567109606e-13,0.0,SCOPE,SCOPE,SCOPE,Equal,SCOPE,Equal
1-Iron/Cell_NOYJUG.gmol,20,34,H12-C4-N,17,False,0.00770708299933176,1.3882519590006268,0.0442029170008027,0.06780140630105215,0.7270197062490354,0.06780140630227455,0.09638333688368751,1.7252287707309881,0.09638331474464822,4,7,5,13,4,0.6592182999479833,165.87840698719262,1.2223971834757208e-12,0.0,SCOPE,SCOPE,SCOPE,Equal,SCOPE,Equal
1-Iron/Cell_NOYJUG.gmol,20,35,H12-C4-N,17,False,0.0077399170004355256,1.3789998330012168,0.04307383299965295,0.06897239597072029,1.009044514798008,0.06897239597164537,0.10132143995184607,2.3507593595627427,0.10132143995184612,4,4,11,12,4,0.9400721188272878,174.4076756934967,9.250794574811039e-13,0.0,SCOPE,SCOPE,SCOPE,Equal,SCOPE,Equal
1-Iron/Cell_NOYJUG.gmol,22,26,H12-C4-N,17,False,0.008192916000552941,1.422171416999845,0.04515458399873751,0.06897238777482081,0.6087944913267568,0.06897238777477209,0.10132138900701974,1.796672220245364,0.10132138900700616,10,4,6,4,10,0.5398221035519359,159.29432971628944,4.872491299323656e-14,0.0,SCOPE,SCOPE,SCOPE,Equal,SCOPE,Equal
1-Iron/Cell_NOYJUG.gmol,22,27,H12-C4-N,17,False,0.007952624999234104,1.3533796250012529,0.04532199999994191,0.06780140879982431,0.727019705609393,0.06780140879986117,0.09638328971857747,1.7252287012778735,0.0963832675796722,15,5,7,4,15,0.6592182968095687,165.87840580947804,3.68594044175552e-14,0.0,SCOPE,SCOPE,SCOPE,Equal,SCOPE,Equal
1-Iron/Cell_NOYJUG.gmol,22,29,H12-C4-N,17,False,0.008145375000822241,1.4557193750006263,0.04413254099927144,0.06780141299250837,0.7270197035658449,0.0678014129927528,0.09638330889815201,1.7252287282376264,0.09638331347487264,15,5,7,4,15,0.6592182905733365,165.87840379173892,2.4442947665903603e-13,0.0,SCOPE,SCOPE,SCOPE,Equal,SCOPE,Equal
1-Iron/Cell_NOYJUG.gmol,22,32,H12-C4-N,17,False,0.007906541000920697,1.3529672500008019,0.042575875000693486,0.03571062171112896,0.9939803906176694,0.03571062171138768,0.0529519652437527,2.2995103136224233,0.05295196524374958,10,2,2,7,10,0.9582697689065405,186.12763585053963,2.587235981010849e-13,0.0,SCOPE,SCOPE,SCOPE,Equal,SCOPE,Equal
1-Iron/Cell_NOYJUG.gmol,22,34,H12-C4-N,17,False,0.007970958000441897,1.4081666250003764,0.04207533399858221,0.035710630315264856,0.9939804061690545,0.03571063031579502,0.0529520000738581,2.2995103722526222,0.05295200007387006,10,2,2,7,10,0.9582697758537896,186.1276328335568,5.301661887280318e-13,0.0,SCOPE,SCOPE,SCOPE,Equal,SCOPE,Equal
1-Iron/Cell_NOYJUG.gmol,22,35,H12-C4-N,17,False,0.007796665999194374,1.39235862500027,0.04265920900070341,6.306920330437872e-08,4.0062334557380956e-07,4.0062334557380956e-07,9.065104853088547e-08,9.065103452302258e-08,9.065103452302258e-08,13,9,13,9,13,3.3755414226943085e-07,0.0,3.3755414226943085e-07,0.0,SCOPE,SCOPE,Equal,Equal,Equal,Equal
1-Iron/Cell_NOYJUG.gmol,26,27,H12-C4-N,17,False,0.00788579199979722,1.3894484159991407,0.04467275000024529,0.006558879588753576,0.6052574954183457,0.0065588795774326756,0.009554090338831858,1.7673442044921608,0.009554090338844051,13,4,4,11,4,0.5986986158295922,195.7118639796606,1.1320900814015822e-11,0.0,SCOPE,SCOPE,SCOPE,Equal,SCOPE,Equal
1-Iron/Cell_NOYJUG.gmol,26,29,H12-C4-N,17,False,0.007859792000090238,1.4005170839991479,0.04403699999966193,0.006558878249263992,0.6052575060143127,0.006558878249907896,0.009554129129269194,1.7673442512554478,0.009554129129310201,13,4,4,4,13,0.5986986277650487,195.71186492028406,6.439042007921891e-13,0.0,SCOPE,SCOPE,SCOPE,Equal,SCOPE,Equal
1-Iron/Cell_NOYJUG.gmol,26,32,H12-C4-N,17,False,0.008728124999834108,1.4349782080007571,0.04384987499906856,0.06780140879982423,0.7270197056094114,0.06780140880045296,0.09638328971857799,1.7252287012779013,0.09638326757966204,4,7,5,14,4,0.6592182968095872,165.8784058094789,6.28733176633034e-13,0.0,SCOPE,SCOPE,SCOPE,Equal,SCOPE,Equal
1-Iron/Cell_NOYJUG.gmol,26,34,H12-C4-N,17,False,0.007911292001153925,1.3982286250011384,0.04299754100065911,0.06780140210836501,0.7270197082926019,0.06780140210839615,0.09638331770409964,1.7252287437040077,0.09638332228106401,4,7,5,13,4,0.6592183061842368,165.87840900493396,3.114175584073564e-14,0.0,SCOPE,SCOPE,SCOPE,Equal,SCOPE,Equal
1-Iron/Cell_NOYJUG.gmol,26,35,H12-C4-N,17,False,0.007838874998924439,1.4016353750012058,0.042016917001092224,0.06897238243602602,1.009044498538823,0.06897238243739895,0.10132140027552432,2.3507593235040933,0.10132139034586447,4,4,10,12,4,0.940072116102797,174.40768000825577,1.3729295478270842e-12,0.0,SCOPE,SCOPE,SCOPE,Equal,SCOPE,Equal
1-Iron/Cell_NOYJUG.gmol,27,29,H12-C4-N,17,False,0.007958083999255905,1.403852999999799,0.04328962500039779,4.950731436831261e-08,3.271075919008424e-07,3.271075919008424e-07,5.992264729066799e-08,5.992262957114893e-08,5.992262957114893e-08,10,10,10,10,10,2.7760027753252977e-07,0.0,2.7760027753252977e-07,0.0,SCOPE,SCOPE,Equal,Equal,Equal,Equal
1-Iron/Cell_NOYJUG.gmol,27,32,H12-C4-N,17,False,0.007795625000653672,1.4139490409997961,0.04394395900089876,0.06897238777482013,0.6087944913268226,0.06897238777535383,0.10132138900701798,1.7966722202453609,0.10132138900700885,4,6,4,12,4,0.5398221035520024,159.29432971629376,5.336980857251206e-13,0.0,SCOPE,SCOPE,SCOPE,Equal,SCOPE,Equal
1-Iron/Cell_NOYJUG.gmol,27,34,H12-C4-N,17,False,0.007879042001150083,1.3937434579984256,0.04296045800037973,0.06897238243602734,0.6087944972357224,0.0689723824358476,0.10132140027552383,1.7966717411944941,0.10132139034590804,4,6,4,10,4,0.5398221147996951,159.29433290134716,1.7973122989900503e-13,0.0,SCOPE,SCOPE,SCOPE,Equal,SCOPE,Equal
1-Iron/Cell_NOYJUG.gmol,27,35,H12-C4-N,17,False,0.007953917000122601,1.4082453749997512,0.044787374999941676,0.06780140210836424,0.8129252377215124,0.06780140210839615,0.09638331770409864,2.3715257509402896,0.09638332228106414,4,4,12,14,4,0.7451238356131481,169.20660779764265,3.1905034170165436e-14,0.0,SCOPE,SCOPE,SCOPE,Equal,SCOPE,Equal
1-Iron/Cell_NOYJUG.gmol,29,32,H12-C4-N,17,False,0.007742541998595698,1.3954790000007051,0.04332050000084564,0.0689724013094972,0.6087944901843857,0.06897240130979314,0.10132142868333253,1.7966716880466669,0.10132141875404346,4,6,4,12,4,0.5398220888748885,159.29432247274667,2.959438250016433e-13,0.0,SCOPE,SCOPE,SCOPE,Equal,SCOPE,Equal
1-Iron/Cell_NOYJUG.gmol,29,34,H12-C4-N,17,False,0.007897125000454253,1.4194090839991986,0.04438550000122632,0.0689723959707209,0.608794496093703,0.06897239597086971,0.1013214399518469,1.7966722440647085,0.10132143995186361,4,6,4,10,4,0.539822100122982,159.29432565781636,1.4881151866319442e-13,0.0,SCOPE,SCOPE,SCOPE,Equal,SCOPE,Equal
1-Iron/Cell_NOYJUG.gmol,29,35,H12-C4-N,17,False,0.007744291000562953,1.4220962919989688,0.043674874999851454,0.06780140630105175,0.8129252382517871,0.06780140630109094,0.09638333688368732,2.3715257456986327,0.09638331474462815,4,4,12,14,4,0.7451238319507354,169.20660605857987,3.9190872769268026e-14,0.0,SCOPE,SCOPE,SCOPE,Equal,SCOPE,Equal
1-Iron/Cell_NOYJUG.gmol,32,34,H12-C4-N,17,False,0.007827583000107552,1.3813209159998223,0.0435359579987562,6.3069203092493e-08,0.0,0.0,9.065104858991363e-08,9.065104024522699e-08,9.065104024522699e-08,9,16,9,16,9,6.3069203092493e-08,0.0,6.3069203092493e-08,0.0,SCOPE,SCOPE,Equal,Equal,Equal,Equal
1-Iron/Cell_NOYJUG.gmol,32,35,H12-C4-N,17,False,0.007761625000057393,1.4181980829998793,0.042217917000016314,0.03571063031526486,0.9939804061690813,0.03571063031579502,0.05295200007385767,2.299510372252635,0.05295200007388825,12,2,2,7,12,0.9582697758538165,186.12763283355716,5.301592498341279e-13,0.0,SCOPE,SCOPE,SCOPE,Equal,SCOPE,Equal
1-Iron/Cell_NOYJUG.gmol,34,35,H12-C4-N,17,False,0.007954124999741907,1.3980382919999101,0.04252995800015924,0.035710638919402356,0.9939804217204123,0.03571063892113663,0.0529520141230832,2.299510409224137,0.052952014123113046,10,2,2,7,10,0.9582697828010099,186.12762981657312,1.7342724478730531e-12,0.0,SCOPE,SCOPE,SCOPE,Equal,SCOPE,Equal
4-Rhenium/Cell_QOHXOA.gmol,0,2,H28-C17-O10-P2-Re,58,True,0.8287409169988678,2.2240507080005045,2.317666915998416,1.5215585638256541,4.337607294252087,1.5215585638255624,4.259971474688311,10.058677089909207,4.259971474688306,24,38,39,12,24,2.8160487304264326,96.12456102583565,9.170442183403793e-14,0.0,SCOPE,SCOPE,SCOPE,Equal,SCOPE,Equal
4-Rhenium/Cell_QOHXOA.gmol,1,3,H12-B-C32-F24,69,False,0.5478857079997397,2.4452821249997214,2.389081040999372,0.6192610972728929,4.7140209804952855,2.267762410207556,1.5831570426189152,11.110653280216708,4.613664248531064,54,4,4,5,5,4.094759883222393,153.55497134837202,1.6485013129346633,114.2007544215209,SCOPE,SCOPE,SCOPE,SCOPE,SCOPE,SCOPE
1-Iron/Cell_WIXCOW.gmol,0,1,H28-C28-N4-O4-Fe,65,True,0.058699375000287546,2.2089535830000386,0.04645474999961152,0.5446161487451308,4.895341620310603,0.5446161487483379,1.2594158978176493,9.481224585785727,1.2594174050788483,16,54,62,16,16,4.350725471565473,159.95438406944365,3.2071012512346897e-12,0.0,SCOPE,RDKit with bonds,SCOPE,Equal,SCOPE,Equal
1-Iron/Cell_WIXCOW.gmol,0,2,H28-C28-N4-O4-Fe,65,True,0.05797312499998952,2.187678166999831,0.04836754200005089,0.5446161525827886,4.437379647120862,0.5446161525825463,1.2594159010988033,10.156888000197153,1.2594159010988129,43,47,45,15,43,3.892763494538073,156.2732547775183,2.4236168627567167e-13,0.0,SCOPE,RDKit with bonds,SCOPE,Equal,SCOPE,Equal
1-Iron/Cell_WIXCOW.gmol,0,3,H28-C28-N4-O4-Fe,65,True,0.05796783400001004,2.228558124999836,0.04734325000026729,2.688435121875256e-08,4.852777377966223,0.0,9.58583350011851e-08,8.904787681581322,9.585833747697977e-08,19,58,60,53,19,4.852777351081872,199.99999778400291,2.688435121875256e-08,0.0,SCOPE,RDKit with bonds,SCOPE,Equal,SCOPE,Equal
1-Iron/Cell_WIXCOW.gmol,1,2,H28-C28-N4-O4-Fe,65,True,0.05899008300002606,2.259595707999324,0.048645000000760774,4.1668620736787254e-08,4.768231110208736,0.0,1.2627709478888568e-07,10.676836602374902,1.2627709552605483e-07,54,38,53,18,54,4.768231068540115,199.9999965044798,4.1668620736787254e-08,0.0,SCOPE,RDKit with bonds,SCOPE,Equal,SCOPE,Equal
1-Iron/Cell_WIXCOW.gmol,1,3,H28-C28-N4-O4-Fe,65,True,0.05832537500100443,2.1599484589987696,0.04670820899991668,0.5446161498136486,4.440444276934027,0.5446161498133444,1.2594159061869739,10.532024103442495,1.2594159061869756,16,47,46,20,16,3.8958281271203785,156.3001365526906,3.042011087472929e-13,0.0,SCOPE,RDKit with bonds,SCOPE,Equal,SCOPE,Equal
1-Iron/Cell_WIXCOW.gmol,2,3,H28-C28-N4-O4-Fe,65,True,0.05838370800120174,2.1950954999992973,0.048447250001117936,0.5446161536513066,4.717055837638096,0.5446161536542841,1.259415898322941,9.277327505577313,1.2594174055845246,15,22,20,15,15,4.17243968398679,158.59748349551947,2.9775071297422073e-12,0.0,SCOPE,RDKit with bonds,SCOPE,Equal,SCOPE,Equal
8-Copper/Cell_PUBMEF.gmol,0,1,H8-C4-O,13,False,0.002164333000109764,1.1872900830003346,0.00010020800073107239,0.6343745467577956,0.5818285492882919,0.6343745467577844,0.9257469027701744,1.1892749981932553,0.9257468953774376,12,9,10,10,12,0.052545997469503725,8.640990578026372,1.1213252548714081e-14,0.0,SCOPE,RDKit with bonds,RDKit without bonds,Equal,SCOPE,Equal
8-Copper/Cell_PUBMEF.gmol,2,5,H28-C21-N4-O2-Cu,56,True,0.034843416999137844,2.0194583329994202,0.01613204099885479,1.2950080673717892,2.1252066431878607,1.2950080673721003,3.2279200482337056,4.973510397938041,3.227919985747083,28,31,31,28,28,0.8301985758160715,48.546576520643406,3.1108449149996886e-13,0.0,SCOPE,RDKit with bonds,SCOPE,Equal,SCOPE,Equal
8-Copper/Cell_PUBMEF.gmol,2,8,H28-C21-N4-O2-Cu,56,True,0.03604358300071908,2.008618084000773,0.016577458000028855,5.962281599075867e-08,2.6672364340004946,0.0,1.039920127779923e-07,10.913225389703051,1.039920159673973e-07,6,43,41,4,6,2.6672363743776786,199.9999910584883,5.962281599075867e-08,0.0,SCOPE,RDKit with bonds,SCOPE,Equal,SCOPE,Equal
8-Copper/Cell_PUBMEF.gmol,2,9,H28-C21-N4-O2-Cu,56,True,0.03512962500099093,2.0291864159989927,0.017120999998951447,1.295008069085381,2.8530560343969236,1.2950080690854813,3.227920061321816,11.264794995383818,3.2279200613218175,28,42,41,20,28,1.5580479653115427,75.1216917792355,1.0036416142611415e-13,0.0,SCOPE,RDKit with bonds,SCOPE,Equal,SCOPE,Equal
8-Copper/Cell_PUBMEF.gmol,5,8,H28-C21-N4-O2-Cu,56,True,0.03526849999980186,2.0073947079999925,0.016712709000785253,1.2950080671622366,3.2347621403155262,1.2950080671623108,3.22792004991465,10.842274190378062,3.2279200499146543,28,42,40,20,28,1.9397540731532896,85.64470091445857,7.416289804496046e-14,0.0,SCOPE,RDKit with bonds,SCOPE,Equal,SCOPE,Equal
8-Copper/Cell_PUBMEF.gmol,5,9,H28-C21-N4-O2-Cu,56,True,0.03469404200041026,2.105930542000351,0.016205457999603823,4.127273817069786e-08,2.1741961831525827,8.829308507657541e-07,1.1304421725167199e-07,11.20255500607854,1.1304418896164616e-07,17,42,41,31,17,2.1741961418798446,199.9999924068053,8.416581125950563e-07,0.0,SCOPE,RDKit with bonds,SCOPE,Equal,SCOPE,Equal
8-Copper/Cell_PUBMEF.gmol,8,9,H28-C21-N4-O2-Cu,56,True,0.03433120799854805,1.9721377909991133,0.015584916998705012,1.295008068875828,2.5896281174080658,1.2950080688759928,3.2279200630027587,9.02694089821708,3.2279200005161197,20,40,42,20,20,1.2946200485322377,66.65334854797264,1.6475709685437323e-13,0.0,SCOPE,RDKit with bonds,SCOPE,Equal,SCOPE,Equal
7-Nickel/Cell_TUSRUU.gmol,2,3,C6-S10-Ni,17,True,0.007152250000217464,1.3649849169996742,0.00010933300109172706,0.041908621462918565,0.08404610388872574,0.041908621462247796,0.07652327093687315,0.1556776452816027,0.07652327093688192,4,8,8,16,4,0.04213748242580718,66.90893463213301,6.70768995902904e-13,0.0,SCOPE,RDKit with bonds,SCOPE,Equal,SCOPE,Equal
7-Nickel/Cell_TUSRUU.gmol,4,5,H24-C12-O6,42,False,0.01408008300131769,1.7792616249989806,0.09393254099995829,0.11390365476962398,1.214200908450793,0.11390365477063767,0.23730808116055585,2.6873024463427226,0.237308081161768,39,41,39,17,39,1.100297253681169,165.69437138490724,1.0136891326339992e-12,0.0,SCOPE,SCOPE,SCOPE,Equal,SCOPE,Equal
8-Copper/Cell_HAMXIE.gmol,4,5,H22-C24-N4-O2-Cu,53,True,0.01567662500019651,2.000629915999525,0.0002030830000876449,2.5665940043545232,4.200613837056235,2.5665940043545103,5.296768347268335,8.025906568420558,5.296768347232137,37,40,48,39,37,1.6340198327017115,48.29229043927422,1.2878587085651816e-14,0.0,SCOPE,RDKit with bonds,SCOPE,Equal,SCOPE,Equal
